scenario,basic,r_diff,r_eff,contacts_med,contacts,traced_90_1,traced_90_2,above1,above5,reduction_raw,aboveX,r_effective,reduction,t_contacts,total_contacts100,total_contacts50,total_contacts10,wfh,limit_other,trace_p,app_cov,prob_symp,prob_t_asymp
no_measures,2.65,0,2.65,0,0,0,0,0.5066,0.2522,0,51%,2.6,0%,0 (0-0),0,0,0,0,4,0.95,0.53,0.6,0.5
isolation_only,2.5274,0.86,1.6674,0,0,0,0,0.38,0.1406,0.3402706338529714,38%,1.7,34%,0 (0-0),0,0,0,0,4,0.95,0.53,0.6,0.5
hh_quaratine_only,2.4452,0.93716,1.50804,2,2.4,0,7,0.3504,0.1348,0.38326517258301973,35%,1.6,38%,2 (0-7),43,22,11,0,4,0.95,0.53,0.6,0.5
isolation_manual_tracing_met_only,2.5734,1.37824,1.19516,22,36,1,117,0.2914,0.0948,0.5355716173156135,29%,1.2,54%,22 (1-120),650,320,160,0,4,0.95,0.53,0.6,0.5
isolation_manual_tracing,2.5846,1.58524,0.99936,28,43,1,131.05,0.2434,0.0798,0.6133405555985452,24%,1,61%,28 (1-130),770,390,190,0,4,0.95,0.53,0.6,0.5
