scenario,basic,non_infected_traced,r_diff,r_eff,contacts_med,contacts,traced_90_1,traced_90_2,above1,above5,reduction_raw,aboveX,r_effective,reduction,t_contacts,total_contacts100,total_contacts50,total_contacts10,contacts1,contactsR1,contacts4,contactsR4,wfh,limit_other,trace_p,app_cov,prob_symp,prob_t_asymp,nonCOVID_day,COVID_day1,COVID_day2
isolation_only,2.5944,-2.2942,0.3002,2.2942,0,0,0,0,0.4643,0.2109,0.11571076164045635,46%,2,12%,0 (0-0),0,0,0,0,0,0,0,0,4,0.95,0.53,0.6,0.5,-311189.8764,-2294.2,-9176.8
hh_quaratine_only,2.5433,0.1515,0.3366,2.2067,2,2.4,0,7,0.4585,0.2045,0.13234773719183734,46%,2,13%,2 (0-7),24,12,6,1200,163000,4800,168000,0,4,0.95,0.53,0.6,0.5,20549.763,151.5,606
isolation_manual_tracing_met_only,2.6121,33.998,0.47906,2.13304,22,36,1,118,0.4537,0.202,0.18340032923701244,45%,1.9,18%,22 (1-120),360,180,90,18000,2440000,72000,2510000,0,4,0.95,0.53,0.6,0.5,4611556.716,33998,135992
isolation_manual_tracing,2.5581,40.0855,0.52902,2.02908,28,42,1,132,0.4398,0.1894,0.20680192330245106,44%,1.8,21%,28 (1-130),420,210,100,21000,2850000,84000,2930000,0,4,0.95,0.53,0.6,0.5,5437277.391000001,40085.5,160342
cell_phone,2.6069,12.2223,0.41468,2.19222,5,15,0,57.0499999999993,0.4505,0.2039,0.15907015996010598,45%,1.9,16%,5 (0-57),150,75,38,7500,1020000,30000,1050000,0,4,0.95,0.53,0.6,0.5,1657857.2166000002,12222.300000000001,48889.200000000004
