scenario,basic,r_diff,r_eff,contacts_med,contacts,traced_90_1,traced_90_2,above1,above5,reduction_raw,aboveX,r_effective,reduction,t_contacts,total_contacts100,total_contacts50,total_contacts10,contacts1,contactsR1,contacts4,contactsR4,wfh,limit_other,trace_p,app_cov,prob_symp,prob_t_asymp
isolation_only,2.1982,0.4422,1.756,0,0,0,0,0.3931,0.1513,0.2011645892093531,39%,1.4,20%,0 (0-0),0,0,0,0,0,0,0,0,4,0.95,0.53,0.6,0.5
hh_quaratine_only,2.202,0.59138,1.61062,2,2.4,0,7,0.3593,0.1417,0.2685649409627612,36%,1.3,27%,2 (0-7),43,22,11,730,0.0022,740,0.0021,0,4,0.95,0.53,0.6,0.5
isolation_manual_tracing_met_only,2.2534,1.16162,1.09178,22,36,1,114,0.2657,0.0811,0.5154965829413332,27%,0.85,52%,22 (1-110),650,320,160,11000,0.032,11000,0.032,0,4,0.95,0.53,0.6,0.5
isolation_manual_tracing,2.2211,1.23252,0.98858,28,44,1,136,0.2338,0.0673,0.5549142316870019,23%,0.78,55%,28 (1-140),790,400,200,13000,0.039,14000,0.039,0,4,0.95,0.53,0.6,0.5
