scenario,basic,r_diff,r_eff,contacts_med,contacts,traced_90_1,traced_90_2,above1,above5,reduction_raw,aboveX,r_effective,reduction,t_contacts,total_contacts100,total_contacts50,total_contacts10,contacts1,contactsR1,contacts4,contactsR4,wfh,limit_other,trace_p,app_cov,prob_symp,prob_t_asymp
isolation_only,2.2355,0.446,1.7895,0,0,0,0,0.4037,0.1511,0.19950794005815253,40%,1.4,20%,0 (0-0),0,0,0,0,0,0,0,0,4,0.95,0.53,0.6,0.5
hh_quaratine_only,2.207,0.57268,1.63432,2,2.5,0,7,0.3765,0.1401,0.2594834617127322,38%,1.3,26%,2 (0-7),45,23,11,770,0.0022,770,0.0022,0,4,0.95,0.53,0.6,0.5
isolation_manual_tracing_met_only,2.2082,0.95698,1.25122,22,36,1,113,0.3234,0.1005,0.43337560003622866,32%,1,43%,22 (1-110),650,320,160,11000,0.032,11000,0.032,0,4,0.95,0.53,0.6,0.5
isolation_manual_tracing,2.2596,1.08544,1.17416,28,43,1,133.049999999999,0.3084,0.0896,0.4803682067622588,31%,0.93,48%,28 (1-130),770,390,190,13000,0.039,13000,0.038,0,4,0.95,0.53,0.6,0.5
