scenario,basic,non_infected_traced,r_diff,r_eff,contacts_med,contacts,traced_90_1,traced_90_2,above1,above5,reduction_raw,aboveX,r_effective,reduction,t_contacts,total_contacts100,total_contacts50,total_contacts10,contacts1,contactsR1,contacts4,contactsR4,wfh,limit_other,trace_p,app_cov,prob_symp,prob_t_asymp,nonCOVID_day,COVID_day1,COVID_day2
isolation_only,2.6502,-2.3465,0.3037,2.3465,0,0,0,0,0.4806,0.2224,0.11459512489623425,48%,2.1,11%,0 (0-0),0,0,0,0,0,0,0,0,4,0.95,0.53,0.6,0.5,-318283.953,-2346.5,-9386
hh_quaratine_only,2.5496,0.1466,0.31436,2.23524,2,2.4,0,7,0.4612,0.2062,0.12329777219956062,46%,2.1,12%,2 (0-7),24,12,6,1200,163000,4800,168000,0,4,0.95,0.53,0.6,0.5,19885.1172,146.6,586.4
isolation_manual_tracing_met_only,2.5656,33.0561,0.41316,2.15244,22,35,1,114,0.4603,0.2094,0.16103835360149676,46%,2,16%,22 (1-110),350,180,88,17500,2370000,70000,2440000,0,4,0.95,0.53,0.6,0.5,4483795.5162,33056.1,132224.4
isolation_manual_tracing,2.6059,41.0196,0.45412,2.15178,28,43,1,137.049999999999,0.4553,0.2035,0.17426608849150005,46%,1.9,17%,28 (1-140),430,220,110,21500,2920000,86000,3000000,0,4,0.95,0.53,0.6,0.5,5563980.583199999,41019.6,164078.4
cell_phone,2.6295,12.216,0.4008,2.2287,5,15,0,58,0.4584,0.2102,0.1524244152880777,46%,2,15%,5 (0-58),150,75,38,7500,1020000,30000,1050000,0,4,0.95,0.53,0.6,0.5,1657002.672,12216,48864
