scenario,basic,r_diff,r_eff,contacts_med,contacts,traced_90_1,traced_90_2,above1,above5,reduction_raw,aboveX,r_effective,reduction,t_contacts,total_contacts100,total_contacts50,total_contacts10,contacts1,contactsR1,contacts4,contactsR4,wfh,limit_other,trace_p,app_cov,prob_symp,prob_t_asymp
isolation_only,2.2355,0.446,1.7895,0,0,0,0,0.4037,0.1511,0.19950794005815253,40%,1.4,20%,0 (0-0),0,0,0,0,0,0,0,0,4,0.95,0.53,0.6,0.5
hh_quaratine_only,2.207,0.61718,1.58982,2,2.5,0,7,0.3574,0.1319,0.27964657906660617,36%,1.3,28%,2 (0-7),45,23,11,307,305,314,76.3,0,4,0.95,0.53,0.6,0.5
isolation_manual_tracing_met_only,2.2082,1.15452,1.05368,22,36,1,113,0.2497,0.0751,0.5228330767140659,25%,0.85,52%,22 (1-110),650,320,160,4430,4390,4520,1100,0,4,0.95,0.53,0.6,0.5
isolation_manual_tracing,2.2596,1.3186,0.941,28,43,1,133.049999999999,0.2238,0.0685,0.5835546114356522,22%,0.75,58%,28 (1-130),770,390,190,5290,5250,5400,1310,0,4,0.95,0.53,0.6,0.5
