scenario,basic,non_infected_traced,r_diff,r_eff,contacts_med,contacts,traced_90_1,traced_90_2,above1,above5,reduction_raw,aboveX,r_effective,reduction,t_contacts,total_contacts100,total_contacts50,total_contacts10,contacts1,contactsR1,contacts4,contactsR4,wfh,limit_other,trace_p,app_cov,prob_symp,prob_t_asymp,nonCOVID_day,COVID_day1,COVID_day2
isolation_only,2.5821,-2.2893,0.2928,2.2893,0,0,0,0,0.4677,0.2148,0.11339607296386667,47%,2,11%,0 (0-0),0,0,0,0,0,0,0,0,4,0.95,0.53,0.6,0.5,-310525.2306,-2289.2999999999997,-9157.199999999999
hh_quaratine_only,2.5892,0.0813,0.29944,2.28976,2,2.4,0,7,0.4644,0.2139,0.11564962150471192,46%,2,12%,2 (0-7),24,12,6,1200,163000,4800,168000,0,4,0.95,0.53,0.6,0.5,11027.694599999999,81.3,325.2
isolation_manual_tracing_met_only,2.6012,33.2876,0.36068,2.24052,22,36,1,117,0.4647,0.2164,0.13865908042441943,46%,2,14%,22 (1-120),360,180,90,18000,2440000,72000,2510000,0,4,0.95,0.53,0.6,0.5,4515196.6392,33287.6,133150.4
isolation_manual_tracing,2.6093,41.502,0.40582,2.20348,28,44,1,138,0.4657,0.2097,0.15552830260989547,47%,1.9,16%,28 (1-140),440,220,110,22000,2980000,88000,3070000,0,4,0.95,0.53,0.6,0.5,5629414.284,41502,166008
cell_phone,2.6274,12.2982,0.37902,2.24838,5,15,0,58,0.4711,0.2132,0.14425667960721633,47%,2,14%,5 (0-58),150,75,38,7500,1020000,30000,1050000,0,4,0.95,0.53,0.6,0.5,1668152.4444,12298.199999999999,49192.799999999996
