scenario,basic,r_diff,r_eff,contacts_med,contacts,traced_90_1,traced_90_2,above1,above5,reduction_raw,aboveX,r_effective,reduction,t_contacts,total_contacts100,total_contacts50,total_contacts10,contacts1,contactsR1,contacts4,contactsR4,wfh,limit_other,trace_p,app_cov,prob_symp,prob_t_asymp
isolation_only,2.2257,0.4462,1.7795,0,0,0,0,0.4014,0.151,0.2004762546614547,40%,1.4,20%,0 (0-0),0,0,0,0,0,0,0,0,4,0.95,0.53,0.6,0.5
hh_quaratine_only,2.1882,0.60378,1.58442,2,2.4,0,7,0.36,0.1343,0.27592541815190574,36%,1.3,28%,2 (0-7),43,22,11,730,0.0022,740,0.0021,0,4,0.95,0.53,0.6,0.5
isolation_manual_tracing_met_only,2.2086,1.04092,1.16768,21,36,1,117,0.2902,0.0876,0.47130308792900477,29%,0.94,47%,21 (1-120),650,320,160,11000,0.032,11000,0.032,0,4,0.95,0.53,0.6,0.5
isolation_manual_tracing,2.1975,1.19606,1.00144,28,43,1,135,0.2577,0.0708,0.5442821387940842,26%,0.81,54%,28 (1-140),770,390,190,13000,0.039,13000,0.038,0,4,0.95,0.53,0.6,0.5
