scenario,basic,non_infected_traced,r_diff,r_eff,contacts_med,contacts,traced_90_1,traced_90_2,above1,above5,reduction_raw,aboveX,r_effective,reduction,t_contacts,total_contacts100,total_contacts50,total_contacts10,contacts1,contactsR1,contacts4,contactsR4,wfh,limit_other,trace_p,app_cov,prob_symp,prob_t_asymp,nonCOVID_day,COVID_day1,COVID_day2
isolation_only,2.5647,-2.2746,0.2901,2.2746,0,0,0,0,0.4704,0.2114,0.11311264475377247,47%,2,11%,0 (0-0),0,0,0,0,0,0,0,0,4,0.95,0.53,0.6,0.5,-308531.2932,-2274.6,-9098.4
hh_quaratine_only,2.6023,0.1679,0.3329,2.2694,2,2.5,0,7,0.4626,0.2142,0.1279252968527841,46%,2,13%,2 (0-7),25,12,6.2,1250,170000,5000,175000,0,4,0.95,0.53,0.6,0.5,22774.2918,167.9,671.6
isolation_manual_tracing_met_only,2.6069,33.6758,0.50876,2.09814,22,36,1,117,0.4431,0.1939,0.19515900111243245,44%,1.8,20%,22 (1-120),360,180,90,18000,2440000,72000,2510000,0,4,0.95,0.53,0.6,0.5,4567852.863600001,33675.8,134703.2
isolation_manual_tracing,2.5803,40.6078,0.56188,2.01842,28,43,1,133,0.4289,0.1842,0.21775762508235474,43%,1.8,22%,28 (1-130),430,220,110,21500,2920000,86000,3000000,0,4,0.95,0.53,0.6,0.5,5508123.207599999,40607.799999999996,162431.19999999998
cell_phone,2.5872,11.8922,0.4061,2.1811,4,14,0,56,0.4421,0.206,0.15696505875077316,44%,1.9,16%,4 (0-56),140,70,35,7000,949000,28000,977000,0,4,0.95,0.53,0.6,0.5,1613081.7924000002,11892.2,47568.8
