scenario,basic,non_infected_traced,r_diff,r_eff,contacts_med,contacts,traced_90_1,traced_90_2,above1,above5,reduction_raw,aboveX,r_effective,reduction,t_contacts,total_contacts100,total_contacts50,total_contacts10,contacts1,contactsR1,contacts4,contactsR4,wfh,limit_other,trace_p,app_cov,prob_symp,prob_t_asymp,nonCOVID_day,COVID_day1,COVID_day2
isolation_only,2.714,-2.22,0.494,2.22,0,0,0,0,0.454,0.232,0.18201915991156958,45%,1.8,18%,0 (0-0),0,0,0,0,0,0,0,0,4,0.95,0.53,0.6,0.5,-150562.62000000002,-2220,-8880
hh_quaratine_only,2.576,0.284,0.5468,2.0292,2,2.4,0,7,0.432,0.194,0.21226708074534173,43%,1.7,21%,2 (0-7),38,19,9.6,1920,130000,7680,138000,0,4,0.95,0.53,0.6,0.5,19261.163999999997,284,1136
isolation_manual_tracing_met_only,2.868,37.322,1.08344,1.78456,21,40,1,123.05,0.414,0.158,0.377768479776848,41%,1.4,38%,21 (1-120),640,320,160,32000,2170000,128000,2300000,0,4,0.95,0.53,0.6,0.5,2531215.362,37322,149288
isolation_manual_tracing,2.652,43.324,1.0368,1.6152,28,46,1,144.05,0.402,0.13,0.39095022624434395,40%,1.4,39%,28 (1-140),740,370,180,36800,2500000,147000,2640000,0,4,0.95,0.53,0.6,0.5,2938277.0039999997,43324,173296
cell_phone,2.398,11.626,0.5292,1.8688,4,14,0,53,0.42,0.184,0.2206839032527106,42%,1.7,22%,4 (0-53),220,110,56,11200,760000,44800,804000,0,4,0.95,0.53,0.6,0.5,788486.946,11626,46504
