scenario,basic,r_diff,r_eff,contacts_med,contacts,traced_90_1,traced_90_2,above1,above5,reduction_raw,aboveX,r_effective,reduction,t_contacts,total_contacts100,total_contacts50,total_contacts10,contactsR1,wfh,limit_other,trace_p,app_cov,p_symptomaticA,prob_t_asymp,wfh_probC
no_measures,2.0184,0,2.0184,0,0,0,0,0.36636,0.20076,0,37%,2,0%,0 (0-0),0,0,0,0,0,4,0.95,0.53,0.7,0,0
isolation_manual_tracing_met_only,1.97584,1.469984,0.505856,21,35,1,111,0.11552,0.03612,0.743979269576484,12%,0.52,74%,21 (1-110),630000,160000,32000,2140000,0,4,0.95,0.53,0.7,0,0
isolation_manual_tracing_met_limit,2.00624,1.611024,0.395216,17,32,1,105,0.08932,0.02208,0.8030066193476354,8.9%,0.4,80%,17 (1-100),580000,140000,29000,1950000,0,4,0.95,0.53,0.7,0,0
isolation_manual_tracing,2.00816,1.647024,0.361136,30,46,1,145,0.0754,0.0228,0.8201657238467055,7.5%,0.36,82%,30 (1-140),830000,210000,41000,2810000,0,4,0.95,0.53,0.7,0,0
cell_phone,1.96488,1.19228,0.7726,4,17,1,69,0.15968,0.06128,0.6067953259232116,16%,0.79,61%,4 (1-69),310000,76000,15000,1040000,0,4,0.95,0.53,0.7,0,0
cell_phone_met_limit,1.96124,1.31376,0.64748000000000006,4,14,1,52.0499999999993,0.1376,0.04788,0.6698619240888417,14%,0.67,67%,4 (1-52),250000,63000,13000,855000,0,4,0.95,0.53,0.7,0,0
