scenario,basic,r_diff,r_eff,contacts_med,contacts,traced_90_1,traced_90_2,above1,above5,reduction_raw,aboveX,r_effective,reduction,t_contacts,total_contacts100,total_contacts50,total_contacts10,contactsR1,wfh,limit_other,trace_p,app_cov,p_symptomaticA,prob_t_asymp,wfh_probC
no_measures,2.49124,0,2.49124,0,0,0,0,0.47984,0.2304,0,48%,2.5,0%,0 (0-0),0,0,0,0,0,4,0.95,0.53,0.7,0.4,0
isolation_manual_tracing_met_only,2.48512,1.479664,1.005456,21,36,1,115,0.23228,0.06748,0.5954094772083441,23%,1,60%,21 (1-120),650000,160000,32000,2200000,0,4,0.95,0.53,0.7,0.4,0
isolation_manual_tracing_met_limit,2.4662,1.643976,0.822224,17,31,1,104,0.18956,0.04968,0.6666028708133972,19%,0.83,67%,17 (1-100),560000,140000,28000,1890000,0,4,0.95,0.53,0.7,0.4,0
isolation_manual_tracing,2.46068,1.642816,0.817864,29,46,1,142,0.18132,0.05504,0.6676268348586569,18%,0.83,67%,29 (1-140),830000,210000,41000,2810000,0,4,0.95,0.53,0.7,0.4,0
cell_phone,2.41288,1.17668,1.2362,4,17,1,69,0.2732,0.09496,0.4876661914392759,27%,1.3,49%,4 (1-69),310000,76000,15000,1040000,0,4,0.95,0.53,0.7,0.4,0
cell_phone_met_limit,2.46012,1.38896,1.07116,4,14,1,52,0.23868,0.07244,0.5645903451864137,24%,1.1,56%,4 (1-52),250000,63000,13000,855000,0,4,0.95,0.53,0.7,0.4,0
