scenario,basic,r_diff,r_eff,contacts_med,contacts,traced_90_1,traced_90_2,above1,above5,reduction_raw,aboveX,r_effective,reduction,t_contacts,total_contacts100,total_contacts50,total_contacts10,contactsR1,wfh,limit_other,trace_p,app_cov,p_symptomaticA,prob_t_asymp,wfh_probC
no_measures,2.59476,0,2.59476,0,0,0,0,0.49836,0.24416,0,50%,2.6,0%,0 (0-0),0,0,0,0,0,4,0.95,0.53,0.7,0.5,0
isolation_manual_tracing_met_only,2.5622,1.469504,1.092696,21,35,1,112,0.24784,0.08208,0.5735321208336586,25%,1.1,57%,21 (1-110),630000,160000,32000,2140000,0,4,0.95,0.53,0.7,0.5,0
isolation_manual_tracing_met_limit,2.55408,1.630376,0.923704,17,31,1,101,0.21448,0.05852,0.6383417903902775,21%,0.94,64%,17 (1-100),560000,140000,28000,1890000,0,4,0.95,0.53,0.7,0.5,0
isolation_manual_tracing,2.55588,1.621632,0.934248,29,45,1,141,0.2102,0.06896,0.634471101929668,21%,0.95,63%,29 (1-140),810000,200000,40000,2750000,0,4,0.95,0.53,0.7,0.5,0
cell_phone,2.58224,1.20952,1.37272,4,17,1,71,0.29564,0.10784,0.4683995290910218,30%,1.4,47%,4 (1-71),310000,76000,15000,1040000,0,4,0.95,0.53,0.7,0.5,0
cell_phone_met_limit,2.56244,1.38956,1.17288,4,14,1,53,0.26244,0.08372,0.5422800143613119,26%,1.2,54%,4 (1-53),250000,63000,13000,855000,0,4,0.95,0.53,0.7,0.5,0
