scenario,basic,r_diff,r_eff,contacts_med,contacts,traced_90_1,traced_90_2,above1,above5,reduction_raw,aboveX,r_effective,reduction,t_contacts,total_contacts100,total_contacts50,total_contacts10,contactsR1,wfh,limit_other,trace_p,app_cov,p_symptomaticA,prob_t_asymp,wfh_probC
no_measures,2.74768,0,2.74768,0,0,0,0,0.5212,0.26312,0,52%,2.7,0%,0 (0-0),0,0,0,0,0,4,0.95,0.53,0.8,0.5,0
isolation_manual_tracing_met_only,2.68808,1.65132,1.03676,21,35,1,113,0.23708,0.07484,0.6143120740454153,24%,1.1,61%,21 (1-110),630000,160000,32000,2140000,0,4,0.95,0.53,0.8,0.5,0
isolation_manual_tracing_met_limit,2.70968,1.851144,0.858536,17,32,1,106,0.1984,0.0522,0.6831596350860618,20%,0.87,68%,17 (1-110),580000,140000,29000,1950000,0,4,0.95,0.53,0.8,0.5,0
isolation_manual_tracing,2.68652,1.835984,0.850536,29,45,1,140,0.18984,0.0606,0.6834060420171821,19%,0.87,68%,29 (1-140),810000,200000,40000,2750000,0,4,0.95,0.53,0.8,0.5,0
cell_phone,2.74384,1.38916,1.35468,4,17,1,72,0.29296,0.10992,0.506283165199137,29%,1.4,51%,4 (1-72),310000,76000,15000,1040000,0,4,0.95,0.53,0.8,0.5,0
cell_phone_met_limit,2.75236,1.59452,1.15784,4,14,1,53,0.25556,0.08516,0.5793282855440423,26%,1.2,58%,4 (1-53),250000,63000,13000,855000,0,4,0.95,0.53,0.8,0.5,0
