scenario,basic,r_diff,r_eff,contacts_med,contacts,traced_90_1,traced_90_2,above1,above5,reduction_raw,aboveX,r_effective,reduction,t_contacts,total_contacts100,total_contacts50,total_contacts10,contactsR1,wfh,limit_other,trace_p,app_cov,p_symptomaticA,prob_t_asymp,wfh_probC
no_measures,2.00808,0,2.00808,0,0,0,0,0.42352,0.18116,0,42%,2,0%,0 (0-0),0,0,0,0,0,4,0.95,0.53,0.30000000000000004,0.5,0
isolation_manual_tracing_met_only,1.99308,0.618616,1.374464,21,35,1,114,0.31128,0.108,0.31038192144821086,31%,1.4,31%,21 (1-110),630000,160000,32000,2140000,0,4,0.95,0.53,0.30000000000000004,0.5,0
isolation_manual_tracing_met_limit,1.99416,0.830856,1.163304,17,31,1,105,0.27,0.0802,0.4166446022385366,27%,1.2,42%,17 (1-100),560000,140000,28000,1890000,0,4,0.95,0.53,0.30000000000000004,0.5,0
isolation_manual_tracing,2.01956,0.677336,1.342224,30,46,1,144,0.30424,0.10548,0.33538790627661463,30%,1.3,34%,30 (1-140),830000,210000,41000,2810000,0,4,0.95,0.53,0.30000000000000004,0.5,0
cell_phone,2.02808,0.52252,1.50556,4,17,1,69,0.33928,0.123,0.25764269654057037,34%,1.5,26%,4 (1-69),310000,76000,15000,1040000,0,4,0.95,0.53,0.30000000000000004,0.5,0
cell_phone_met_limit,2.0224,0.75188,1.27052,4,14,1,52,0.2922,0.08948,0.37177610759493673,29%,1.3,37%,4 (1-52),250000,63000,13000,855000,0,4,0.95,0.53,0.30000000000000004,0.5,0
