scenario,basic,r_diff,r_eff,contacts_med,contacts,traced_90_1,traced_90_2,above1,above5,reduction_raw,aboveX,r_effective,reduction,t_contacts,total_contacts100,total_contacts50,total_contacts10,contactsR1,wfh,limit_other,trace_p,app_cov,p_symptomaticA,prob_t_asymp,wfh_probC
no_measures,2.12192,0,2.12192,0,0,0,0,0.38652,0.20208,0,39%,2.1,0%,0 (0-0),0,0,0,0,0,4,0.95,0.53,0.7,0.1,0
isolation_manual_tracing_met_only,2.1206,1.483224,0.637376,21,35,1,116,0.13884,0.03932,0.6994360086767896,14%,0.64,70%,21 (1-120),630000,160000,32000,2140000,0,4,0.95,0.53,0.7,0.1,0
isolation_manual_tracing_met_limit,2.10252,1.58464,0.51788,17,32,1,105,0.10976,0.0258,0.7536860529269639,11%,0.52,75%,17 (1-100),580000,140000,29000,1950000,0,4,0.95,0.53,0.7,0.1,0
isolation_manual_tracing,2.0848,1.614528,0.470272,29,46,1,142,0.09472,0.02496,0.7744282425172678,9.5%,0.48,77%,29 (1-140),830000,210000,41000,2810000,0,4,0.95,0.53,0.7,0.1,0
cell_phone,2.13356,1.2186,0.91496,4,17,1,70,0.18416,0.0666,0.5711580644556515,18%,0.91,57%,4 (1-70),310000,76000,15000,1040000,0,4,0.95,0.53,0.7,0.1,0
cell_phone_met_limit,2.07668,1.33204,0.74464,4,14,1,52,0.1556,0.0462,0.6414276633857889,16%,0.76,64%,4 (1-52),250000,63000,13000,855000,0,4,0.95,0.53,0.7,0.1,0
