scenario,basic,r_diff,r_eff,contacts_med,contacts,traced_90_1,traced_90_2,above1,above5,reduction_raw,aboveX,r_effective,reduction,t_contacts,total_contacts100,total_contacts50,total_contacts10,contactsR1,wfh,limit_other,trace_p,app_cov,p_symptomaticA,prob_t_asymp,wfh_probC
no_measures,2.8174,0,2.8174,0,0,0,0,0.54108,0.27348,0,54%,2.8,0%,0 (0-0),0,0,0,0,0,4,0.95,0.53,0.7,0.7000000000000001,0
isolation_manual_tracing_met_only,2.79868,1.447088,1.351592,21,35,1,115,0.2958,0.10968,0.5170609001386368,30%,1.4,52%,21 (1-120),630000,160000,32000,2140000,0,4,0.95,0.53,0.7,0.7000000000000001,0
isolation_manual_tracing_met_limit,2.78792,1.673008,1.114912,17,31,1,103,0.25152,0.08212,0.6000918247295475,25%,1.1,60%,17 (1-100),560000,140000,28000,1890000,0,4,0.95,0.53,0.7,0.7000000000000001,0
isolation_manual_tracing,2.82224,1.643624,1.178616,29,46,1,141,0.25272,0.10072,0.5823827881399172,25%,1.2,58%,29 (1-140),830000,210000,41000,2810000,0,4,0.95,0.53,0.7,0.7000000000000001,0
cell_phone,2.8398,1.2212,1.6186,4,17,1,69,0.3398,0.13972,0.4300302838228044,34%,1.6,43%,4 (1-69),310000,76000,15000,1040000,0,4,0.95,0.53,0.7,0.7000000000000001,0
cell_phone_met_limit,2.75988,1.4106,1.34928,4,14,1,51.0499999999993,0.29884,0.10432,0.5111091786599418,30%,1.4,51%,4 (1-51),250000,63000,13000,855000,0,4,0.95,0.53,0.7,0.7000000000000001,0
