scenario,basic,r_diff,r_eff,contacts_med,contacts,traced_90_1,traced_90_2,above1,above5,reduction_raw,aboveX,r_effective,reduction,t_contacts,total_contacts100,total_contacts50,total_contacts10,contactsR1,wfh,limit_other,trace_p,app_cov,p_symptomaticA,prob_t_asymp,wfh_probC
isolation_manual_tracing_met_only,2.60924,1.63168,0.97756,21,35,1,114,0.21864,0.0708,0.6253468442918244,22%,0.37,63%,21 (1-110),630000,160000,32000,2140000,0,4,0.95,0.53,0.7,0.5,1
isolation_manual_tracing,2.5996,1.810648,0.788952,29,46,1,142,0.17328,0.05528,0.6965102323434375,17%,0.3,70%,29 (1-140),830000,210000,41000,2810000,0,4,0.95,0.53,0.7,0.5,1
cell_phone,2.57936,1.36168,1.21768,4,17,0,70,0.26124000000000003,0.0954,0.5279139011227592,26%,0.46,53%,4 (0-70),310000,76000,15000,1040000,0,4,0.95,0.53,0.7,0.5,1
