scenario,basic,r_diff,r_eff,contacts_med,contacts,traced_90_1,traced_90_2,above1,above5,reduction_raw,aboveX,r_effective,reduction,t_contacts,total_contacts100,total_contacts50,total_contacts10,contactsR1,wfh,limit_other,trace_p,app_cov,p_symptomaticA,prob_t_asymp,wfh_probC
isolation_manual_tracing_met_only,2.59928,1.607272,0.992008,21,35,1,113.049999999999,0.22792,0.07112,0.6183527746145085,23%,0.38,62%,21 (1-110),630000,160000,32000,2140000,0.30000000000000004,4,0.95,0.53,0.7,0.5,0
isolation_manual_tracing,2.58468,1.771824,0.812856,29,46,1,141,0.1818,0.05528,0.6855100051070152,18%,0.31,69%,29 (1-140),830000,210000,41000,2810000,0.30000000000000004,4,0.95,0.53,0.7,0.5,0
cell_phone,2.63584,1.43624,1.1996,4,17,1,72,0.26164,0.0924,0.5448889158674275,26%,0.45,54%,4 (1-72),310000,76000,15000,1040000,0.30000000000000004,4,0.95,0.53,0.7,0.5,0
