scenario,basic,r_diff,r_eff,contacts_med,contacts,traced_90_1,traced_90_2,above1,above5,reduction_raw,aboveX,r_effective,reduction,t_contacts,total_contacts100,total_contacts50,total_contacts10,contactsR1,wfh,limit_other,trace_p,app_cov,p_symptomaticA,prob_t_asymp,wfh_probC
isolation_manual_tracing_met_only,2.61032,1.692144,0.918176,21,36,1,115.049999999999,0.21008,0.06416,0.6482515553648596,21%,0.32,65%,21 (1-120),650000,160000,32000,2200000,0.5,100,0.95,0.53,0.7,0.5,0
isolation_manual_tracing_met_limit,2.61312,1.6998,0.91332,22,36,1,114,0.20792,0.06516,0.6504867744305658,21%,0.32,65%,22 (1-110),650000,160000,32000,2200000,0.5,100,0.95,0.53,0.7,0.5,0
cell_phone,2.58092,1.52852,1.0524,4,17,1,70,0.22936,0.07672,0.5922384266075662,23%,0.37,59%,4 (1-70),310000,76000,15000,1040000,0.5,100,0.95,0.53,0.7,0.5,0
cell_phone_met_limit,2.56028,1.52036,1.03992,4,17,1,68,0.22816,0.07472,0.5938256753167623,23%,0.37,59%,4 (1-68),310000,76000,15000,1040000,0.5,100,0.95,0.53,0.7,0.5,0
