scenario,basic,r_diff,r_eff,contacts_med,contacts,traced_90_1,traced_90_2,above1,above5,reduction_raw,aboveX,r_effective,reduction,t_contacts,total_contacts100,total_contacts50,total_contacts10,contactsR1,wfh,limit_other,trace_p,app_cov,p_symptomaticA,prob_t_asymp,wfh_probC
hh_work_only,2.53896,1.198384,1.340576,9,20,1,70,0.30692,0.10708,0.47199798342628474,31%,0.71,47%,9 (1-70),360000,90000,18000,1220000,0,4,0.6000000000000001,0.53,0.7,0.5,0
isolation_manual_tracing_met_only,2.55956,1.27436,1.2852,14,23,1,73,0.29508,0.10224,0.49788244854584385,30%,0.67,50%,14 (1-73),410000,100000,21000,1400000,0,4,0.6000000000000001,0.53,0.7,0.5,0
isolation_manual_tracing_met_limit,2.55396,1.483456,1.070504,12,21,1,67,0.25332,0.0736,0.580845432191577,25%,0.56,58%,12 (1-67),380000,95000,19000,1280000,0,4,0.6000000000000001,0.53,0.7,0.5,0
isolation_manual_tracing,2.63092,1.418024,1.212896,19,30,1,94,0.27844,0.09336,0.5389840816140362,28%,0.62,54%,19 (1-94),540000,140000,27000,1830000,0,4,0.6000000000000001,0.53,0.7,0.5,0
