scenario,basic,r_diff,r_eff,contacts_med,contacts,traced_90_1,traced_90_2,above1,above5,reduction_raw,aboveX,r_effective,reduction,t_contacts,total_contacts100,total_contacts50,total_contacts10,contactsR1,wfh,limit_other,trace_p,app_cov,p_symptomaticA,prob_t_asymp,wfh_probC
isolation_manual_tracing_met_only,2.58304,1.482824,1.100216,21,35,1,115,0.25624,0.08296,0.5740615708622399,26%,0.47,57%,21 (1-120),630000,160000,32000,2140000,0,2,0.95,0.53,0.7,0.5,0
isolation_manual_tracing_met_limit,2.55796,1.732,0.82596,15,30,1,105,0.18708,0.05204,0.6771020657086115,19%,0.36,68%,15 (1-100),540000,140000,27000,1830000,0,2,0.95,0.53,0.7,0.5,0
cell_phone,2.5746000000000002,1.19972,1.37488,4,17,1,70,0.29568,0.1096,0.4659830653305368,30%,0.59,47%,4 (1-70),310000,76000,15000,1040000,0,2,0.95,0.53,0.7,0.5,0
cell_phone_met_limit,2.59696,1.49156,1.1054,4,13,1,48,0.23944,0.0766,0.5743484689791141,24%,0.47,57%,4 (1-48),230000,59000,12000,794000,0,2,0.95,0.53,0.7,0.5,0
