scenario,basic,r_diff,r_eff,contacts_med,contacts,traced_90_1,traced_90_2,above1,above5,reduction_raw,aboveX,r_effective,reduction,t_contacts,total_contacts100,total_contacts50,total_contacts10,contactsR1,wfh,limit_other,trace_p,app_cov,p_symptomaticA,prob_t_asymp,wfh_probC
isolation_manual_tracing_met_only,2.59324,1.486088,1.107152,21,35,1,114,0.25456,0.0814,0.5730622695932501,25%,0.47,57%,21 (1-110),630000,160000,32000,2140000,0,4,0.95,0.53,0.7,0.5,0
isolation_manual_tracing,2.6052,1.648184,0.957016,30,46,1,143,0.21416,0.07252,0.6326516198372486,21%,0.41,63%,30 (1-140),830000,210000,41000,2810000,0,4,0.95,0.53,0.7,0.5,0
cell_phone,2.58724,1.21128,1.37596,4,17,1,70,0.29964,0.10864,0.46817457986116473,30%,0.59,47%,4 (1-70),310000,76000,15000,1040000,0,4,0.95,0.53,0.7,0.5,0
