scenario,basic,r_diff,r_eff,contacts_med,contacts,traced_90_1,traced_90_2,above1,above5,reduction_raw,aboveX,r_effective,reduction,t_contacts,total_contacts100,total_contacts50,total_contacts10,contactsR1,wfh,limit_other,trace_p,app_cov,p_symptomaticA,prob_t_asymp,wfh_probC
hh_work_only,2.54952,1.090224,1.459296,6,11,1,36,0.32836,0.11948,0.42761931657723806,33%,0.84,43%,6 (1-36),200000,50000,9900,671000,0,4,0.30000000000000004,0.53,0.7,0.5,0
isolation_manual_tracing_met_only,2.58636,1.134152,1.452208,8,13,1,38,0.3258,0.1194,0.43851281337478154,33%,0.82,44%,8 (1-38),230000,59000,12000,794000,0,4,0.30000000000000004,0.53,0.7,0.5,0
isolation_manual_tracing_met_limit,2.59068,1.36972,1.22096,7,11,1,35,0.27992,0.08944,0.5287106087976902,28%,0.69,53%,7 (1-35),200000,50000,9900,671000,0,4,0.30000000000000004,0.53,0.7,0.5,0
isolation_manual_tracing,2.58,1.17448,1.40552,11,16,1,47,0.31892,0.11528,0.45522480620155037,32%,0.79,46%,11 (1-47),290000,72000,14000,977000,0,4,0.30000000000000004,0.53,0.7,0.5,0
