scenario,basic,r_diff,r_eff,contacts_med,contacts,traced_90_1,traced_90_2,above1,above5,reduction_raw,aboveX,r_effective,reduction,t_contacts,total_contacts100,total_contacts50,total_contacts10,wfh,limit_other,trace_p,app_cov,prob_symp,prob_t_asymp
no_measures,2.2066,0,2.2066,0,0,0,0,0.4181,0.20725,0,42%,2.2,0%,0 (0-0),0,0,0,0,4,0.95,0.53,0.6,0.2
isolation_manual_tracing_met_only,2.19235,1.47975,0.7126,21,35,1,112,0.1496,0.04025,0.6749606586539558,15%,0.72,67%,21 (1-110),630,320,160,0,4,0.95,0.53,0.6,0.2
isolation_manual_tracing_met_limit,2.21955,1.60935,0.6102,17,32,1,109,0.12105,0.0279,0.7250794079881058,12%,0.61,73%,17 (1-110),580,290,140,0,4,0.95,0.53,0.6,0.2
isolation_manual_tracing,2.1846,1.57125,0.61335,28,43,1,135,0.12225,0.0315,0.719239219994507,12%,0.62,72%,28 (1-140),770,390,190,0,4,0.95,0.53,0.6,0.2
cell_phone,2.21235,1.1628,1.04955,4,15,0,58.0499999999993,0.2245,0.077,0.5255949555902095,22%,1,53%,4 (0-58),270,140,68,0,4,0.95,0.53,0.6,0.2
cell_phone_met_limit,2.18275,1.3164,0.86635,5,12,0,45,0.186,0.05225,0.6030924292749972,19%,0.88,60%,5 (0-45),220,110,54,0,4,0.95,0.53,0.6,0.2
