scenario,basic,r_diff,r_eff,contacts_med,contacts,traced_90_1,traced_90_2,above1,above5,reduction_raw,aboveX,r_effective,reduction,t_contacts,total_contacts100,total_contacts50,total_contacts10,wfh,limit_other,trace_p,app_cov,prob_symp,prob_t_asymp
no_measures,2.73765,0,2.73765,0,0,0,0,0.5278,0.26555,0,53%,2.7,0%,0 (0-0),0,0,0,0,4,0.95,0.53,0.7,0.5
isolation_manual_tracing_met_only,2.7451,1.70915,1.03595,22,36,1,115,0.2251,0.07635,0.6226184838439401,23%,1,62%,22 (1-120),650,320,160,0,4,0.95,0.53,0.7,0.5
isolation_manual_tracing_met_limit,2.7203,1.8659,0.8544,17,31,1,104,0.18585,0.0543,0.6859169944491417,19%,0.86,69%,17 (1-100),560,280,140,0,4,0.95,0.53,0.7,0.5
isolation_manual_tracing,2.75135,1.84235,0.909,28,43,1,133,0.1897,0.06875,0.6696167336035037,19%,0.9,67%,28 (1-130),770,390,190,0,4,0.95,0.53,0.7,0.5
cell_phone,2.74435,1.347,1.39735,4,15,0,57,0.30275,0.1129,0.4908266073933718,30%,1.4,49%,4 (0-57),270,140,68,0,4,0.95,0.53,0.7,0.5
cell_phone_met_limit,2.7099,1.53295,1.17695,4,12,0,45,0.26315,0.084,0.5656850806302816,26%,1.2,57%,4 (0-45),220,110,54,0,4,0.95,0.53,0.7,0.5
