scenario,basic,r_diff,r_eff,contacts_med,contacts,traced_90_1,traced_90_2,above1,above5,reduction_raw,aboveX,r_effective,reduction,t_contacts,total_contacts100,total_contacts50,total_contacts10,wfh,limit_other,trace_p,app_cov,prob_symp,prob_t_asymp
no_measures,2.0783,0,2.0783,0,0,0,0,0.3783,0.1994,0,38%,2.1,0%,0 (0-0),0,0,0,0,4,0.95,0.53,0.6,0.1
isolation_manual_tracing_met_only,2.05845,1.4614,0.59705,22,36,1,113,0.11915,0.0333,0.7099516626587967,12%,0.6,71%,22 (1-110),650,320,160,0,4,0.95,0.53,0.6,0.1
isolation_manual_tracing_met_limit,2.1126,1.6223,0.4903,17,32,1,106,0.09265,0.0228,0.7679163116538862,9.3%,0.48,77%,17 (1-110),580,290,140,0,4,0.95,0.53,0.6,0.1
isolation_manual_tracing,2.08395,1.57715,0.5068,28,43,1,133,0.09405,0.02545,0.7568079848364884,9.4%,0.51,76%,28 (1-130),770,390,190,0,4,0.95,0.53,0.6,0.1
cell_phone,2.0046,1.1265,0.8781,4,14,0,57,0.1827,0.0638,0.5619574977551631,18%,0.91,56%,4 (0-57),250,130,63,0,4,0.95,0.53,0.6,0.1
cell_phone_met_limit,2.0512,1.2747,0.7765,4,12,0,45,0.16205,0.04965,0.6214411076443058,16%,0.79,62%,4 (0-45),220,110,54,0,4,0.95,0.53,0.6,0.1
