scenario,basic,r_diff,r_eff,contacts_med,contacts,traced_90_1,traced_90_2,above1,above5,reduction_raw,aboveX,r_effective,reduction,t_contacts,total_contacts100,total_contacts50,total_contacts10,wfh,limit_other,trace_p,app_cov,prob_symp,prob_t_asymp
no_measures,1.94565,0,1.94565,0,0,0,0,0.41765,0.17355,0,42%,1.9,0%,0 (0-0),0,0,0,0,4,0.95,0.53,0.2,0.5
isolation_manual_tracing_met_only,1.9376,0.49725,1.44035,22,36,1,115,0.3291,0.1146,0.2566319157720892,33%,1.4,26%,22 (1-120),650,320,160,0,4,0.95,0.53,0.2,0.5
isolation_manual_tracing_met_limit,1.9292,0.7069,1.2223,18,32,1,104,0.28365,0.0847,0.3664213145345221,28%,1.2,37%,18 (1-100),580,290,140,0,4,0.95,0.53,0.2,0.5
isolation_manual_tracing,1.97245,0.55775,1.4147,28,44,1,134,0.32165,0.1135,0.28277015893939006,32%,1.4,28%,28 (1-130),790,400,200,0,4,0.95,0.53,0.2,0.5
cell_phone,1.9837,0.39605,1.58765,4,14,0,57,0.3574,0.13215,0.19965216514593942,36%,1.6,20%,4 (0-57),250,130,63,0,4,0.95,0.53,0.2,0.5
cell_phone_met_limit,1.95985,0.626,1.33385,5,12,0,46,0.3069,0.0981,0.31941219991325875,31%,1.3,32%,5 (0-46),220,110,54,0,4,0.95,0.53,0.2,0.5
