scenario,basic,r_diff,r_eff,contacts_med,contacts,traced_90_1,traced_90_2,above1,above5,reduction_raw,aboveX,r_effective,reduction,t_contacts,total_contacts100,total_contacts50,total_contacts10,wfh,limit_other,trace_p,app_cov,p_symptomaticA,prob_t_asymp,wfh_probC
isolation_manual_tracing_met_only,2.61825,1.55663,1.06162,21,35,1,114,0.24465,0.07325,0.5945306979852956,24%,0.43,59%,21 (1-110),160000,32000,6300,0.1,4,0.95,0.53,0.6,0.5,1
isolation_manual_tracing,2.6089,1.69563,0.91327,29,46,1,144,0.20205,0.06255,0.6499405879872744,20%,0.37,65%,29 (1-140),210000,41000,8300,0.1,4,0.95,0.53,0.6,0.5,1
cell_phone,2.5976,1.35925,1.23835,4,17,1,70,0.27325,0.09375,0.523271481367416,27%,0.51,52%,4 (1-70),76000,15000,3100,0.1,4,0.95,0.53,0.6,0.5,1
