scenario,basic,r_diff,r_eff,contacts_med,contacts,traced_90_1,traced_90_2,above1,above5,reduction_raw,aboveX,r_effective,reduction,t_contacts,total_contacts100,total_contacts50,total_contacts10,contactsR1,wfh,limit_other,trace_p,app_cov,p_symptomaticA,prob_t_asymp,wfh_probC
isolation_manual_tracing_met_only,2.59636,1.67288,0.92348,21,36,1,116,0.2074,0.06324,0.644317429016007,21%,0.33,64%,21 (1-120),650000,160000,32000,2200000,0.1,4,0.95,0.53,0.7,0.5,1
isolation_manual_tracing,2.59088,1.8264,0.76448,29,46,1,140,0.166,0.05132,0.7049342308404867,17%,0.27,70%,29 (1-140),830000,210000,41000,2810000,0.1,4,0.95,0.53,0.7,0.5,1
cell_phone,2.60124,1.44976,1.15148,4,17,1,71,0.24548,0.08596,0.5573341944611032,25%,0.41,56%,4 (1-71),310000,76000,15000,1040000,0.1,4,0.95,0.53,0.7,0.5,1
