scenario,basic,r_diff,r_eff,contacts_med,contacts,traced_90_1,traced_90_2,above1,above5,reduction_raw,aboveX,r_effective,reduction,t_contacts,total_contacts100,total_contacts50,total_contacts10,wfh,limit_other,trace_p,app_cov,p_symptomaticA,prob_t_asymp,wfh_probC
isolation_manual_tracing_met_only,2.43965,1.61269,0.82696,21,35,1,113,0.18595,0.053,0.661033344947021,19%,0.28,66%,21 (1-110),160000,32000,6300,0.4,4,0.95,0.53,0.6,0.5,1
isolation_manual_tracing,2.4337,1.71369,0.72001,29,45,1,139,0.15715,0.0459,0.7041500595800633,16%,0.24,70%,29 (1-140),200000,40000,8100,0.4,4,0.95,0.53,0.6,0.5,1
cell_phone,2.4129,1.46375,0.94915,4,17,1,71,0.2072,0.0655,0.6066351692983547,21%,0.33,61%,4 (1-71),76000,15000,3100,0.4,4,0.95,0.53,0.6,0.5,1
