scenario,basic,r_diff,r_eff,contacts_med,contacts,traced_90_1,traced_90_2,above1,above5,reduction_raw,aboveX,r_effective,reduction,t_contacts,total_contacts100,total_contacts50,total_contacts10,wfh,limit_other,trace_p,app_cov,p_symptomaticA,prob_t_asymp,wfh_probC
isolation_manual_tracing_met_only,2.42565,1.51761,0.90804,21,35,1,114.049999999999,0.2083,0.0612,0.6256508564714613,21%,0.34,63%,21 (1-110),160000,32000,6300,0.2,4,0.95,0.53,0.6,0.5,1
isolation_manual_tracing,2.43185,1.6295,0.80235,29,46,1,143,0.1741,0.05325,0.6700659991364599,17%,0.3,67%,29 (1-140),210000,41000,8300,0.2,4,0.95,0.53,0.6,0.5,1
cell_phone,2.4216,1.3016,1.12,4,17,1,68,0.23975,0.08365,0.5374958704988437,24%,0.42,54%,4 (1-68),76000,15000,3100,0.2,4,0.95,0.53,0.6,0.5,1
