scenario,basic,r_diff,r_eff,contacts_med,contacts,traced_90_1,traced_90_2,above1,above5,reduction_raw,aboveX,r_effective,reduction,t_contacts,total_contacts100,total_contacts50,total_contacts10,wfh,limit_other,trace_p,app_cov,p_symptomaticA,prob_t_asymp,wfh_probC
isolation_manual_tracing_met_only,2.41125,1.67042,0.74083,21,35,1,115,0.1663,0.0449,0.6927610160705029,17%,0.23,69%,21 (1-120),160000,32000,6300,0.6,4,0.95,0.53,0.6,0.5,1
isolation_manual_tracing,2.41025,1.75772,0.65253,29,45,1,141,0.1394,0.0393,0.7292687480551809,14%,0.2,73%,29 (1-140),200000,40000,8100,0.6,4,0.95,0.53,0.6,0.5,1
cell_phone,2.4675,1.6225,0.845,4,17,1,69,0.18075,0.05305,0.6575481256332321,18%,0.25,66%,4 (1-69),76000,15000,3100,0.6,4,0.95,0.53,0.6,0.5,1
