scenario,basic,r_diff,r_eff,contacts_med,contacts,traced_90_1,traced_90_2,above1,above5,reduction_raw,aboveX,r_effective,reduction,t_contacts,total_contacts100,total_contacts50,total_contacts10,wfh,limit_other,trace_p,app_cov,p_symptomaticA,prob_t_asymp,wfh_probC
isolation_manual_tracing_met_only,2.6056,1.64338,0.96222,21,35,1,115,0.2191,0.06445,0.6307107767884557,22%,0.36,63%,21 (1-120),160000,32000,6300,0.30000000000000004,4,0.95,0.53,0.6,0.5,1
isolation_manual_tracing,2.63055,1.79599,0.83456,30,46,1,144,0.18575,0.05305,0.6827431525726559,19%,0.31,68%,30 (1-140),210000,41000,8300,0.30000000000000004,4,0.95,0.53,0.6,0.5,1
cell_phone,2.63565,1.4998,1.13585,4,17,1,70,0.2439,0.0807,0.5690436894124788,24%,0.41,57%,4 (1-70),76000,15000,3100,0.30000000000000004,4,0.95,0.53,0.6,0.5,1
