scenario,basic,r_diff,r_eff,contacts_med,contacts,traced_90_1,traced_90_2,above1,above5,reduction_raw,aboveX,r_effective,reduction,t_contacts,total_contacts100,total_contacts50,total_contacts10,wfh,limit_other,trace_p,app_cov,p_symptomaticA,prob_t_asymp,wfh_probC
isolation_manual_tracing_met_only,2.4416,1.40486,1.03674,21,36,1,116,0.23385,0.074,0.5753849934469201,23%,0.44,58%,21 (1-120),160000,32000,6500,0,4,0.95,0.53,0.6,0.5,1
isolation_manual_tracing,2.41555,1.52908,0.88647,29,45,1,140,0.19765,0.06285,0.6330152553248742,20%,0.38,63%,29 (1-140),200000,40000,8100,0,4,0.95,0.53,0.6,0.5,1
cell_phone,2.4751,1.24045,1.23465,4,17,1,71,0.2677,0.0977,0.5011716698315218,27%,0.52,50%,4 (1-71),76000,15000,3100,0,4,0.95,0.53,0.6,0.5,1
