scenario,basic,r_diff,r_eff,contacts_med,contacts,traced_90_1,traced_90_2,above1,above5,reduction_raw,aboveX,r_effective,reduction,t_contacts,total_contacts100,total_contacts50,total_contacts10,wfh,limit_other,trace_p,app_cov,p_symptomaticA,prob_t_asymp,wfh_probC
isolation_manual_tracing_met_only,2.402,1.62769,0.77431,21,35,1,113,0.17635,0.0475,0.6776394671107411,18%,0.25,68%,21 (1-110),160000,32000,6300,0.5,4,0.95,0.53,0.6,0.5,1
isolation_manual_tracing,2.4276,1.75274,0.67486,29,46,1,147,0.1458,0.0434,0.7220052726973143,15%,0.22,72%,29 (1-150),210000,41000,8300,0.5,4,0.95,0.53,0.6,0.5,1
cell_phone,2.43295,1.5098,0.92315,4,17,1,70,0.19785,0.06335,0.6205635134301979,20%,0.29,62%,4 (1-70),76000,15000,3100,0.5,4,0.95,0.53,0.6,0.5,1
