scenario,basic,r_diff,r_eff,contacts_med,contacts,traced_90_1,traced_90_2,above1,above5,reduction_raw,aboveX,r_effective,reduction,t_contacts,total_contacts100,total_contacts50,total_contacts10,wfh,limit_other,trace_p,app_cov,p_symptomaticA,prob_t_asymp,wfh_probC
isolation_manual_tracing_met_only,2.40575,1.5294,0.87635,21,35,1,112,0.19495,0.0578,0.6357269042918009,19%,0.32,64%,21 (1-110),160000,32000,6300,0.30000000000000004,4,0.95,0.53,0.6,0.5,1
isolation_manual_tracing,2.45695,1.6861,0.77085,29,46,1,142,0.1722,0.0504,0.6862573515944566,17%,0.27,69%,29 (1-140),210000,41000,8300,0.30000000000000004,4,0.95,0.53,0.6,0.5,1
cell_phone,2.44235,1.37845,1.0639,4,17,1,69,0.2272,0.0761,0.5643949474890986,23%,0.38,56%,4 (1-69),76000,15000,3100,0.30000000000000004,4,0.95,0.53,0.6,0.5,1
