scenario,basic,r_diff,r_eff,contacts_med,contacts,traced_90_1,traced_90_2,above1,above5,reduction_raw,aboveX,r_effective,reduction,t_contacts,total_contacts100,total_contacts50,total_contacts10,wfh,limit_other,trace_p,app_cov,p_symptomaticA,prob_t_asymp,wfh_probC
isolation_manual_tracing_met_only,2.63695,1.75867,0.87828,21,36,1,114,0.19835,0.0543,0.6669333889531467,20%,0.29,67%,21 (1-110),160000,32000,6500,0.5,4,0.95,0.53,0.6,0.5,1
isolation_manual_tracing,2.6026,1.85153,0.75107,28,45,1,142,0.1672,0.0437,0.7114155075693537,17%,0.25,71%,28 (1-140),200000,40000,8100,0.5,4,0.95,0.53,0.6,0.5,1
cell_phone,2.5909,1.5983,0.9926,4,17,1,70,0.2153,0.0653,0.6168898838241538,22%,0.34,62%,4 (1-70),76000,15000,3100,0.5,4,0.95,0.53,0.6,0.5,1
