scenario,basic,r_diff,r_eff,contacts_med,contacts,traced_90_1,traced_90_2,above1,above5,reduction_raw,aboveX,r_effective,reduction,t_contacts,total_contacts100,total_contacts50,total_contacts10,contactsR1,wfh,limit_other,trace_p,app_cov,p_symptomaticA,prob_t_asymp,wfh_probC,cc_risk
no_measures,2.6204,0.7679,1.8525,0,0,0,0,0.3646,0.1596,0.2930468630743398,36%,1.3,29%,0 (0-0),0,0,0,0,0.30000000000000004,4,0.2,0.53,0.7,0.5,0.6,0.06
hh_quaratine_only,2.5347,1.111,1.4237,2,2.1,0,4,0.3023,0.1203,0.4383161715390381,30%,1,44%,2 (0-4),21000,5200,1000,71200,0.30000000000000004,4,0.2,0.53,0.7,0.5,0.6,0.06
isolation_manual_tracing,2.5587,1.16504,1.39366,8,11,1,32,0.2899,0.1175,0.4553249697111815,29%,1,46%,8 (1-32),110000,28000,5500,373000,0.30000000000000004,4,0.2,0.53,0.7,0.5,0.6,0.06
