scenario,basic,r_diff,r_eff,contacts_med,contacts,traced_90_1,traced_90_2,above1,above5,reduction_raw,aboveX,r_effective,reduction,t_contacts,total_contacts100,total_contacts50,total_contacts10,wfh,limit_other,trace_p,app_cov,prob_symp,prob_t_asymp
hh_work_only,2.5819,1.06575,1.51615,6,10,0,34,0.3317,0.1283,0.412777411983423,33%,0.89,41%,6 (0-34),180,90,45,0,4,0.30000000000000004,0.53,0.6,0.5
isolation_manual_tracing_met_only,2.6068,1.1434,1.4634,9,13,1,39,0.3271,0.12265,0.43862206536750037,33%,0.851,44%,9 (1-39),230,120,58,0,4,0.30000000000000004,0.53,0.6,0.5
isolation_manual_tracing_met_limit,2.55215,1.32525,1.2269,7,12,1,35,0.2793,0.08875,0.5192680680994455,28%,0.729,52%,7 (1-35),220,110,54,0,4,0.30000000000000004,0.53,0.6,0.5
isolation_manual_tracing,2.6146,1.1824,1.4322,10,15,1,46,0.31485,0.1146,0.4522297865830337,31%,0.831,45%,10 (1-46),270,140,68,0,4,0.30000000000000004,0.53,0.6,0.5
