scenario,basic,r_diff,r_eff,contacts_med,contacts,traced_90_1,traced_90_2,above1,above5,reduction_raw,aboveX,r_effective,reduction,t_contacts,total_contacts100,total_contacts50,total_contacts10,contactsR1,wfh,limit_other,trace_p,app_cov,p_symptomaticA,prob_t_asymp,wfh_probC,cc_risk
no_measures,2.0183,1.0058,1.0125,0,0,0,0,0.2074,0.0665,0.4983401872863301,21%,0.51,50%,0 (0-0),0,0,0,0,0.6000000000000001,4,0.2,0.53,0.7,0.5,0.6,0.045
hh_quaratine_only,2.0347,1.2168,0.8179,2,2.1,0,4,0.1708,0.0521,0.5980242787634541,17%,0.41,60%,2 (0-4),21000,5200,1000,71200,0.6000000000000001,4,0.2,0.53,0.7,0.5,0.6,0.045
isolation_manual_tracing,2.0238,1.23836,0.78544,8,11,1,33,0.1673,0.0498,0.6118984089336891,17%,0.39,61%,8 (1-33),110000,28000,5500,373000,0.6000000000000001,4,0.2,0.53,0.7,0.5,0.6,0.045
