scenario,basic,r_diff,r_eff,contacts_med,contacts,traced_90_1,traced_90_2,above1,above5,reduction_raw,aboveX,r_effective,reduction,t_contacts,total_contacts100,total_contacts50,total_contacts10,contactsR1,wfh,limit_other,trace_p,app_cov,p_symptomaticA,prob_t_asymp,wfh_probC,cc_risk
no_measures,2.0013,0.9666,1.0347,0,0,0,0,0.2145,0.071,0.48298605906160996,21%,0.53,48%,0 (0-0),0,0,0,0,0.6000000000000001,4,0.35,0.53,0.7,0.5,0.6,0.045
hh_quaratine_only,2.0322,1.24374,0.78846,2,2.1,0,4,0.1664,0.0477,0.6120165338057277,17%,0.4,61%,2 (0-4),21000,5200,1000,71200,0.6000000000000001,4,0.35,0.53,0.7,0.5,0.6,0.045
isolation_manual_tracing,2.0295,1.2974,0.7321,12,18,1,55,0.1578,0.0473,0.639270756343927,16%,0.37,64%,12 (1-55),180000,45000,9000,610000,0.6000000000000001,4,0.35,0.53,0.7,0.5,0.6,0.045
