scenario,basic,r_diff,r_eff,contacts_med,contacts,traced_90_1,traced_90_2,above1,above5,reduction_raw,aboveX,r_effective,reduction,t_contacts,total_contacts100,total_contacts50,total_contacts10,wfh,limit_other,trace_p,app_cov,p_symptomaticA,prob_t_asymp,wfh_probC
hh_work_only,2.6193,1.04759,1.57171,6,11,1,38,0.3535,0.12905,0.3999503684190433,35%,0.94,40%,6 (1-38),50000,9900,2000,0,4,0.30000000000000004,0.53,0.6,0.5,0
isolation_manual_tracing_met_only,2.62225,1.05693,1.56532,8,13,1,38,0.3542,0.1306,0.40306225569644394,35%,0.94,40%,8 (1-38),59000,12000,2300,0,4,0.30000000000000004,0.53,0.6,0.5,0
isolation_manual_tracing_met_limit,2.6128,1.29783,1.31497,7,11,1,35,0.3071,0.0975,0.4967199938763013,31%,0.79,50%,7 (1-35),50000,9900,2000,0,4,0.30000000000000004,0.53,0.6,0.5,0
isolation_manual_tracing,2.58425,1.07462,1.50963,11,16,1,47.0499999999993,0.34125,0.1231,0.41583438134855366,34%,0.92,42%,11 (1-47),72000,14000,2900,0,4,0.30000000000000004,0.53,0.6,0.5,0
