scenario,basic,r_diff,r_eff,contacts_med,contacts,traced_90_1,traced_90_2,above1,above5,reduction_raw,aboveX,r_effective,reduction,t_contacts,total_contacts100,total_contacts50,total_contacts10,wfh,limit_other,trace_p,app_cov,p_symptomaticA,prob_t_asymp,wfh_probC
isolation_manual_tracing_met_only,2.4351,1.49954,0.93556,22,35,1,112.049999999999,0.21795,0.06465,0.6158022257812821,22%,0.36,62%,22 (1-110),160000,32000,6300,0.5,3,0.95,0.53,0.6,0.5,0
isolation_manual_tracing_met_limit,2.45115,1.74411,0.70704,16,31,1,102,0.1604,0.0375,0.7115476409032495,16%,0.27,71%,16 (1-100),140000,28000,5600,0.5,3,0.95,0.53,0.6,0.5,0
cell_phone,2.44315,1.3645,1.07865,4,17,1,67,0.23695,0.07545,0.5585002967480506,24%,0.41,56%,4 (1-67),76000,15000,3100,0.5,3,0.95,0.53,0.6,0.5,0
cell_phone_met_limit,2.4413,1.5935,0.8478,4,13,1,51,0.1833,0.0496,0.6527260066358088,18%,0.32,65%,4 (1-51),59000,12000,2300,0.5,3,0.95,0.53,0.6,0.5,0
