scenario,basic,r_diff,r_eff,contacts_med,contacts,traced_90_1,traced_90_2,above1,above5,reduction_raw,aboveX,r_effective,reduction,t_contacts,total_contacts100,total_contacts50,total_contacts10,wfh,limit_other,trace_p,app_cov,prob_symp,prob_t_asymp
isolation_manual_tracing_met_only,2.54735,1.5634,0.98395,21,35,1,113,0.2146,0.071,0.613735843131097,21%,0.38,61%,21 (1-110),630,320,160,0.30000000000000004,4,0.95,0.53,0.6,0.5
isolation_manual_tracing,2.6025,1.7213,0.8812,28,44,1,134,0.18665,0.0643,0.661402497598463,19%,0.33,66%,28 (1-130),790,400,200,0.30000000000000004,4,0.95,0.53,0.6,0.5
cell_phone,2.57885,1.3611,1.21775,4,14,0,58,0.27,0.09315,0.5277933962812882,27%,0.46,53%,4 (0-58),250,130,63,0.30000000000000004,4,0.95,0.53,0.6,0.5
