scenario,basic,r_diff,r_eff,contacts_med,contacts,traced_90_1,traced_90_2,above1,above5,reduction_raw,aboveX,r_effective,reduction,t_contacts,total_contacts100,total_contacts50,total_contacts10,contactsR1,wfh,limit_other,trace_p,app_cov,p_symptomaticA,prob_t_asymp,wfh_probC,cc_risk
no_measures,2.4647,0.3055,2.1592,0,0,0,0,0.4271,0.1916,0.12395017649206808,43%,1.9,12%,0 (0-0),0,0,0,0,0.1,4,0.35,0.53,0.7,0.5,0.6,0.056999999999999995
hh_quaratine_only,2.4404,0.78304,1.65736,2,2.1,0,4,0.3443,0.1417,0.32086543189641037,34%,1.5,32%,2 (0-4),21000,5200,1000,71200,0.1,4,0.35,0.53,0.7,0.5,0.6,0.056999999999999995
isolation_manual_tracing,2.4591,0.86738,1.59172,12,18,1,55,0.3317,0.1355,0.3527225407669472,33%,1.4,35%,12 (1-55),180000,45000,9000,610000,0.1,4,0.35,0.53,0.7,0.5,0.6,0.056999999999999995
