scenario,basic,r_diff,r_eff,contacts_med,contacts,traced_90_1,traced_90_2,above1,above5,reduction_raw,aboveX,r_effective,reduction,t_contacts,total_contacts100,total_contacts50,total_contacts10,wfh,limit_other,trace_p,app_cov,p_symptomaticA,prob_t_asymp,wfh_probC
isolation_manual_tracing_met_only,2.60915,1.58232,1.02683,21,35,1,115,0.23845,0.0686,0.606450376559416,24%,0.4,61%,21 (1-120),160000,32000,6300,0.5,56,0.95,0.53,0.6,0.5,0
isolation_manual_tracing_met_limit,2.56975,1.57565,0.9941,21,35,1,113,0.23025,0.0677,0.6131530304504329,23%,0.4,61%,21 (1-110),160000,32000,6300,0.5,56,0.95,0.53,0.6,0.5,0
cell_phone,2.60945,1.4562,1.15325,4,17,1,70,0.25795,0.0817,0.5580486309375539,26%,0.45,56%,4 (1-70),76000,15000,3100,0.5,56,0.95,0.53,0.6,0.5,0
cell_phone_met_limit,2.58115,1.4398,1.14135,4,17,1,71,0.2555,0.0835,0.5578133777579761,26%,0.45,56%,4 (1-71),76000,15000,3100,0.5,56,0.95,0.53,0.6,0.5,0
