scenario,basic,r_diff,r_eff,contacts_med,contacts,traced_90_1,traced_90_2,above1,above5,reduction_raw,aboveX,r_effective,reduction,t_contacts,total_contacts100,total_contacts50,total_contacts10,wfh,limit_other,trace_p,app_cov,p_symptomaticA,prob_t_asymp,wfh_probC
hh_work_only,2.6008,1.0937,1.5071,8,17,1,59,0.3484,0.12075,0.4205244540141495,35%,0.87,42%,8 (1-59),76000,15000,3100,0,4,0.5,0.53,0.6,0.5,0
isolation_manual_tracing_met_only,2.5678,1.13328,1.43452,12,19,1,61,0.3297,0.1142,0.4413427837058961,33%,0.84,44%,12 (1-61),86000,17000,3400,0,4,0.5,0.53,0.6,0.5,0
isolation_manual_tracing_met_limit,2.6012,1.35695,1.24425,10,18,1,56,0.28905,0.086,0.5216630785791173,29%,0.72,52%,10 (1-56),81000,16000,3200,0,4,0.5,0.53,0.6,0.5,0
isolation_manual_tracing,2.59285,1.21369,1.37916,16,25,1,76,0.3182,0.1109,0.46809109666968785,32%,0.8,47%,16 (1-76),110000,22000,4500,0,4,0.5,0.53,0.6,0.5,0
