scenario,basic,r_diff,r_eff,contacts_med,contacts,traced_90_1,traced_90_2,above1,above5,reduction_raw,aboveX,r_effective,reduction,t_contacts,total_contacts100,total_contacts50,total_contacts10,wfh,limit_other,trace_p,app_cov,prob_symp,prob_t_asymp
isolation_manual_tracing_met_only,2.54775,1.57855,0.9692,22,35,1,112,0.21795,0.07015,0.6195859091355118,22%,0.369,62%,22 (1-110),630,320,160,0.30000000000000004,4,0.95,0.53,0.6,0.5
isolation_manual_tracing,2.60315,1.76995,0.8332,28,43,1,133,0.1799,0.0587,0.6799262432053473,18%,0.31,68%,28 (1-130),770,390,190,0.30000000000000004,4,0.95,0.53,0.6,0.5
cell_phone,2.58555,1.35035,1.2352,4,14,0,56,0.2734,0.09695,0.5222679894026416,27%,0.463,52%,4 (0-56),250,130,63,0.30000000000000004,4,0.95,0.53,0.6,0.5
