scenario,basic,r_diff,r_eff,contacts_med,contacts,traced_90_1,traced_90_2,above1,above5,reduction_raw,aboveX,r_effective,reduction,t_contacts,total_contacts100,total_contacts50,total_contacts10,wfh,limit_other,trace_p,app_cov,p_symptomaticA,prob_t_asymp,wfh_probC
isolation_manual_tracing_met_only,2.4087,1.46669,0.94201,21,35,1,113,0.21505,0.0635,0.6089135218167476,22%,0.37,61%,21 (1-110),160000,32000,6300,0.5,2,0.95,0.53,0.6,0.5,0
isolation_manual_tracing_met_limit,2.4473,1.77519,0.67211,15,30,1,106,0.14575,0.03625,0.7253667306827933,15%,0.26,73%,15 (1-110),140000,27000,5400,0.5,2,0.95,0.53,0.6,0.5,0
cell_phone,2.44735,1.3561,1.09125,4,17,1,69,0.2379,0.07855,0.5541095470611069,24%,0.42,55%,4 (1-69),76000,15000,3100,0.5,2,0.95,0.53,0.6,0.5,0
cell_phone_met_limit,2.4333,1.6536,0.7797,4,13,1,49,0.16765,0.0464,0.6795709530267537,17%,0.3,68%,4 (1-49),59000,12000,2300,0.5,2,0.95,0.53,0.6,0.5,0
