scenario,basic,r_diff,r_eff,contacts_med,contacts,traced_90_1,traced_90_2,above1,above5,reduction_raw,aboveX,r_effective,reduction,t_contacts,total_contacts100,total_contacts50,total_contacts10,contactsR1,wfh,limit_other,trace_p,app_cov,p_symptomaticA,prob_t_asymp,wfh_probC,cc_risk
no_measures,2.4682,0.5323,1.9359,0,0,0,0,0.3913,0.172,0.2156632363665829,39%,1.5,22%,0 (0-0),0,0,0,0,0.2,4,0.2,0.53,0.7,0.5,0.6,0.056999999999999995
hh_quaratine_only,2.494,0.95794,1.53606,2,2.1,0,4,0.3226,0.13,0.38409783480352855,32%,1.2,38%,2 (0-4),21000,5200,1000,71200,0.2,4,0.2,0.53,0.7,0.5,0.6,0.056999999999999995
isolation_manual_tracing,2.4562,0.98552,1.47068,8,11,1,32,0.303,0.1235,0.4012376842276687,30%,1.2,40%,8 (1-32),110000,28000,5500,373000,0.2,4,0.2,0.53,0.7,0.5,0.6,0.056999999999999995
