scenario,basic,r_diff,r_eff,contacts_med,contacts,traced_90_1,traced_90_2,above1,above5,reduction_raw,aboveX,r_effective,reduction,t_contacts,total_contacts100,total_contacts50,total_contacts10,wfh,limit_other,trace_p,app_cov,p_symptomaticA,prob_t_asymp,wfh_probC
hh_work_only,2.45355,0.98078,1.47277,7,14,1,48,0.3341,0.12165,0.39973915347150046,33%,0.88,40%,7 (1-48),63000,13000,2500,0,4,0.4,0.53,0.6,0.5,0
isolation_manual_tracing_met_only,2.4118,0.99012,1.42168,10,16,1,49,0.32285,0.11395,0.4105315531967825,32%,0.87,41%,10 (1-49),72000,14000,2900,0,4,0.4,0.53,0.6,0.5,0
isolation_manual_tracing_met_limit,2.44335,1.2229,1.22045,9,15,1,46,0.28595,0.08635,0.5005013608365564,29%,0.74,50%,9 (1-46),68000,14000,2700,0,4,0.4,0.53,0.6,0.5,0
isolation_manual_tracing,2.3853,1.04694,1.33836,13,20,1,61,0.3121,0.1077,0.43891334423342976,31%,0.83,44%,13 (1-61),90000,18000,3600,0,4,0.4,0.53,0.6,0.5,0
