scenario,basic,r_diff,r_eff,contacts_med,contacts,traced_90_1,traced_90_2,above1,above5,reduction_raw,aboveX,r_effective,reduction,t_contacts,total_contacts100,total_contacts50,total_contacts10,contactsR1,wfh,limit_other,trace_p,app_cov,p_symptomaticA,prob_t_asymp,wfh_probC,cc_risk
no_measures,1.4594,0.7794,0.68,0,0,0,0,0.1393,0.0288,0.5340550911333424,14%,0.32,53%,0 (0-0),0,0,0,0,0.7000000000000001,4,0.2,0.53,0.7,0.5,0.6,0.03
hh_quaratine_only,1.4498,0.9382,0.5116,2,2.2,0,4,0.1033,0.0187,0.6471237412056835,10%,0.24,65%,2 (0-4),22000,5500,1100,74600,0.7000000000000001,4,0.2,0.53,0.7,0.5,0.6,0.03
isolation_manual_tracing,1.4833,0.96994,0.51336,8,11,1,33,0.104,0.0218,0.6539068293669521,10%,0.24,65%,8 (1-33),110000,28000,5500,373000,0.7000000000000001,4,0.2,0.53,0.7,0.5,0.6,0.03
