scenario,basic,r_diff,r_eff,contacts,reduction_raw,r_effective,reduction,t_contacts,total_contacts100,total_contacts50,total_contacts10,wfh,limit_other,trace_p,app_cov,prob_symp,prob_t_asymp
isolation_manual_tracing_met_only,2.556,1.687,0.869,36,0.6600156494522692,0.3,66 %,36,3240,1620,324,0.7000000000000001,4,0.95,0.53,0.6,0.5
isolation_manual_tracing,2.585,1.883,0.702,45,0.7284332688588008,0.24,73 %,45,4050,2020,405,0.7000000000000001,4,0.95,0.53,0.6,0.5
cell_phone,2.463,1.55,0.913,15,0.6293138449045879,0.32,63 %,15,1350,675,135,0.7000000000000001,4,0.95,0.53,0.6,0.5
