scenario,basic,r_diff,r_eff,contacts_med,contacts,traced_90_1,traced_90_2,above1,above5,reduction_raw,aboveX,r_effective,reduction,t_contacts,total_contacts100,total_contacts50,total_contacts10,wfh,limit_other,trace_p,app_cov,prob_symp,prob_t_asymp
isolation_manual_tracing_met_only,2.55005,1.45545,1.0946,22,35,1,112,0.2456,0.0815,0.570753514636968,25%,0.47,57%,22 (1-110),630,320,160,0,18,0.95,0.53,0.6,0.5
isolation_manual_tracing_met_limit,2.59645,1.5216,1.07485,21,35,1,110,0.24045,0.07715,0.5860309268424194,24%,0.453,59%,21 (1-110),630,320,160,0,18,0.95,0.53,0.6,0.5
cell_phone,2.5866,1.1777,1.4089,4,14,0,57,0.3132,0.113,0.4553081264981056,31%,0.596,46%,4 (0-57),250,130,63,0,18,0.95,0.53,0.6,0.5
cell_phone_met_limit,2.6165,1.2125,1.404,5,14,0,57,0.3151,0.1127,0.4634053124402828,32%,0.587,46%,5 (0-57),250,130,63,0,18,0.95,0.53,0.6,0.5
