scenario,basic,r_diff,r_eff,contacts_med,contacts,traced_90_1,traced_90_2,above1,above5,reduction_raw,aboveX,r_effective,reduction,t_contacts,total_contacts100,total_contacts50,total_contacts10,wfh,limit_other,trace_p,app_cov,p_symptomaticA,prob_t_asymp,wfh_probC
hh_work_only,2.41505,0.90132,1.51373,5,8,1,26,0.33995,0.1249,0.3732096643961822,34%,0.95,37%,5 (1-26),36000,7200,1400,0,4,0.2,0.53,0.6,0.5,0
isolation_manual_tracing_met_only,2.43455,0.9075,1.52705,6,9.1,1,26,0.3405,0.1288,0.37275882606641886,34%,0.95,37%,6 (1-26),41000,8200,1600,0,4,0.2,0.53,0.6,0.5,0
isolation_manual_tracing_met_limit,2.45155,1.161,1.29055,5,8.4,1,25,0.2967,0.09545,0.47357794048663093,30%,0.8,47%,5 (1-25),38000,7600,1500,0,4,0.2,0.53,0.6,0.5,0
isolation_manual_tracing,2.4536,0.97777,1.47583,8,11,1,32,0.33315,0.1224,0.39850423866970974,33%,0.91,40%,8 (1-32),50000,9900,2000,0,4,0.2,0.53,0.6,0.5,0
