scenario,basic,r_diff,r_eff,contacts_med,contacts,traced_90_1,traced_90_2,above1,above5,reduction_raw,aboveX,r_effective,reduction,t_contacts,total_contacts100,total_contacts50,total_contacts10,wfh,limit_other,trace_p,app_cov,p_symptomaticA,prob_t_asymp,wfh_probC
isolation_manual_tracing_met_only,2.4586,1.42389,1.03471,22,36,1,114,0.23755,0.0751,0.5791466688359229,24%,0.44,58%,22 (1-110),160000,32000,6500,0.30000000000000004,4,0.95,0.53,0.6,0.5,0
isolation_manual_tracing,2.426,1.53019,0.89581,29,45,1,142,0.19985,0.0629,0.6307460840890355,20%,0.38,63%,29 (1-140),200000,40000,8100,0.30000000000000004,4,0.95,0.53,0.6,0.5,0
cell_phone,2.4384,1.22535,1.21305,4,17,1,69,0.2666,0.09405,0.5025221456692914,27%,0.51,50%,4 (1-69),76000,15000,3100,0.30000000000000004,4,0.95,0.53,0.6,0.5,0
