scenario,basic,r_diff,r_eff,contacts_med,contacts,traced_90_1,traced_90_2,above1,above5,reduction_raw,aboveX,r_effective,reduction,t_contacts,total_contacts100,total_contacts50,total_contacts10,contactsR1,wfh,limit_other,trace_p,app_cov,p_symptomaticA,prob_t_asymp,wfh_probC,cc_risk
no_measures,2.5228,0.9148,1.608,0,0,0,0,0.3194,0.1325,0.3626129697161884,32%,1,36%,0 (0-0),0,0,0,0,0.4,4,0.2,0.53,0.7,0.5,0.6,0.056999999999999995
hh_quaratine_only,2.5311,1.2462,1.2849,2,2.1,0,4,0.256,0.1015,0.492355102524594,26%,0.82,49%,2 (0-4),21000,5200,1000,71200,0.4,4,0.2,0.53,0.7,0.5,0.6,0.056999999999999995
isolation_manual_tracing,2.4345,1.26508,1.16942,8,11,1,31.0499999999993,0.2476,0.0897,0.5196467447114397,25%,0.77,52%,8 (1-31),110000,28000,5500,373000,0.4,4,0.2,0.53,0.7,0.5,0.6,0.056999999999999995
