scenario,basic,r_diff,r_eff,contacts_med,contacts,traced_90_1,traced_90_2,above1,above5,reduction_raw,aboveX,r_effective,reduction,t_contacts,total_contacts100,total_contacts50,total_contacts10,wfh,limit_other,trace_p,app_cov,p_symptomaticA,prob_t_asymp,wfh_probC
isolation_manual_tracing_met_only,2.43305,1.25091,1.18214,22,36,1,117,0.27025,0.08815,0.5141324674790901,27%,0.57,51%,22 (1-120),160000,32000,6500,0,18,0.95,0.53,0.6,0.5,0
isolation_manual_tracing_met_limit,2.4435,1.29873,1.14477,21,35,1,111,0.2681,0.08465,0.5315039901780232,27%,0.55,53%,21 (1-110),160000,32000,6300,0,18,0.95,0.53,0.6,0.5,0
cell_phone,2.4057,1.0258,1.3799,4,17,1,69,0.30425,0.10915,0.42640395726815483,30%,0.68,43%,4 (1-69),76000,15000,3100,0,18,0.95,0.53,0.6,0.5,0
cell_phone_met_limit,2.4033,1.04685,1.35645,4,16,1,68,0.3089,0.10705,0.4355885657221321,31%,0.67,44%,4 (1-68),72000,14000,2900,0,18,0.95,0.53,0.6,0.5,0
