scenario,basic,r_diff,r_eff,contacts_med,contacts,traced_90_1,traced_90_2,above1,above5,reduction_raw,aboveX,r_effective,reduction,t_contacts,total_contacts100,total_contacts50,total_contacts10,wfh,limit_other,trace_p,app_cov,prob_symp,prob_t_asymp
isolation_manual_tracing_met_only,2.56615,1.6886,0.87755,21,35,1,114,0.1958,0.05965,0.6580285641914931,20%,0.3,66%,21 (1-110),630,320,160,0.5,18,0.95,0.53,0.6,0.5
isolation_manual_tracing_met_limit,2.5447,1.6957,0.849,22,35,1,109,0.18995,0.0535,0.6663653868825402,19%,0.293,67%,22 (1-110),630,320,160,0.5,18,0.95,0.53,0.6,0.5
cell_phone,2.56605,1.4662,1.09985,4,14,0,57,0.2463,0.0818,0.571384033826309,25%,0.376,57%,4 (0-57),250,130,63,0.5,18,0.95,0.53,0.6,0.5
cell_phone_met_limit,2.6425,1.55325,1.08925,4,14,0,56,0.2462,0.0793,0.5877956480605487,25%,0.362,59%,4 (0-56),250,130,63,0.5,18,0.95,0.53,0.6,0.5
