scenario,basic,r_diff,r_eff,contacts_med,contacts,traced_90_1,traced_90_2,above1,above5,reduction_raw,aboveX,r_effective,reduction,t_contacts,total_contacts100,total_contacts50,total_contacts10,wfh,limit_other,trace_p,app_cov,p_symptomaticA,prob_t_asymp,wfh_probC
isolation_manual_tracing_met_only,2.44045,1.26238,1.17807,21,35,1,114,0.2726,0.0887,0.5172734536663319,27%,0.57,52%,21 (1-110),160000,32000,6300,0,1,0.95,0.53,0.6,0.5,0
isolation_manual_tracing_met_limit,2.4376,1.58659,0.85101,14,29,1,100,0.18995,0.0566,0.6508820150968165,19%,0.41,65%,14 (1-100),130000,26000,5200,0,1,0.95,0.53,0.6,0.5,0
cell_phone,2.44015,1.0389,1.40125,4,17,1,70,0.30905,0.1116,0.42575251521422863,31%,0.68,43%,4 (1-70),76000,15000,3100,0,1,0.95,0.53,0.6,0.5,0
cell_phone_met_limit,2.4002,1.36405,1.03615,4,12,1,46,0.22845,0.073,0.5683068077660195,23%,0.51,57%,4 (1-46),54000,11000,2200,0,1,0.95,0.53,0.6,0.5,0
