scenario,basic,r_diff,r_eff,contacts_med,contacts,traced_90_1,traced_90_2,above1,above5,reduction_raw,aboveX,r_effective,reduction,t_contacts,total_contacts100,total_contacts50,total_contacts10,contactsR1,wfh,limit_other,trace_p,app_cov,p_symptomaticA,prob_t_asymp,wfh_probC,cc_risk
no_measures,2.4897,0.1346,2.3551,0,0,0,0,0.4561,0.2186,0.054062738482548056,46%,2.2,5.4%,0 (0-0),0,0,0,0,0,4,0.35,0.53,0.7,0.5,0.6,0.056999999999999995
hh_quaratine_only,2.4083,0.62452,1.78378,2,2.1,0,4,0.3752,0.1616,0.2593198521778849,38%,1.7,26%,2 (0-4),21000,5200,1000,71200,0,4,0.35,0.53,0.7,0.5,0.6,0.056999999999999995
isolation_manual_tracing,2.4454,0.69612,1.74928,12,18,1,54,0.3656,0.1532,0.2846650854665903,37%,1.7,28%,12 (1-54),180000,45000,9000,610000,0,4,0.35,0.53,0.7,0.5,0.6,0.056999999999999995
