scenario,basic,r_diff,r_eff,contacts_med,contacts,traced_90_1,traced_90_2,above1,above5,reduction_raw,aboveX,r_effective,reduction,t_contacts,total_contacts100,total_contacts50,total_contacts10,wfh,limit_other,trace_p,app_cov,prob_symp,prob_t_asymp
isolation_manual_tracing_met_only,2.58255,1.689,0.89355,22,35,1,114,0.1964,0.0608,0.6540047627345066,20%,0.309,65%,22 (1-110),630,320,160,0.5,4,0.95,0.53,0.6,0.5
isolation_manual_tracing,2.62395,1.8377,0.78625,28,44,1,134.049999999999,0.16615,0.05315,0.7003563330093943,17%,0.268,70%,28 (1-130),790,400,200,0.5,4,0.95,0.53,0.6,0.5
cell_phone,2.58615,1.4952,1.09095,4,15,0,58,0.24245,0.08115,0.5781567194478279,24%,0.377,58%,4 (0-58),270,140,68,0.5,4,0.95,0.53,0.6,0.5
