scenario,basic,r_diff,r_eff,contacts_med,contacts,traced_90_1,traced_90_2,above1,above5,reduction_raw,aboveX,r_effective,reduction,t_contacts,total_contacts100,total_contacts50,total_contacts10,wfh,limit_other,trace_p,app_cov,p_symptomaticA,prob_t_asymp,wfh_probC
isolation_manual_tracing_met_only,2.25,0.986,1.264,23.5,33,1,95.3499999999999,0.22,0.1,0.4382222222222222,22%,0.71,44%,24 (1-95),150000,30000,5900,0,32,0.95,0.53,0.6,0.5,0
isolation_manual_tracing_met_limit,2.47,1.37,1.1,20,34,2,122.2,0.3,0.07,0.5546558704453441,30%,0.56,55%,20 (2-120),150000,31000,6100,0,32,0.95,0.53,0.6,0.5,0
cell_phone,2.33,1.07,1.26,4,17,1,80.1,0.27,0.09,0.45922746781115886,27%,0.68,46%,4 (1-80),76000,15000,3100,0,32,0.95,0.53,0.6,0.5,0
cell_phone_met_limit,2.79,1.01,1.78,3,16,0.95,66.2,0.3,0.12,0.36200716845878134,30%,0.81,36%,3 (0.95-66),72000,14000,2900,0,32,0.95,0.53,0.6,0.5,0
