scenario,basic,r_diff,r_eff,contacts_med,contacts,traced_90_1,traced_90_2,above1,above5,reduction_raw,aboveX,r_effective,reduction,t_contacts,total_contacts100,total_contacts50,total_contacts10,wfh,limit_other,trace_p,app_cov,p_symptomaticA,prob_t_asymp,wfh_probC
isolation_manual_tracing_met_only,2.4658,1.50247,0.96333,21,36,1,117,0.21815,0.06735,0.6093235461107958,22%,0.38,61%,21 (1-120),160000,32000,6500,0.5,32,0.95,0.53,0.6,0.5,0
isolation_manual_tracing_met_limit,2.4358,1.51332,0.92248,21,35,1,113,0.2124,0.0623,0.6212825355119468,21%,0.36,62%,21 (1-110),160000,32000,6300,0.5,32,0.95,0.53,0.6,0.5,0
cell_phone,2.47425,1.3781,1.09615,4,17,1,71,0.2416,0.07955,0.5569768616752552,24%,0.43,56%,4 (1-71),76000,15000,3100,0.5,32,0.95,0.53,0.6,0.5,0
cell_phone_met_limit,2.4205,1.36675,1.05375,4,17,1,70,0.2421,0.07515,0.5646560627969428,24%,0.42,56%,4 (1-70),76000,15000,3100,0.5,32,0.95,0.53,0.6,0.5,0
