scenario,basic,r_diff,r_eff,contacts_med,contacts,traced_90_1,traced_90_2,above1,above5,reduction_raw,aboveX,r_effective,reduction,t_contacts,total_contacts100,total_contacts50,total_contacts10,wfh,limit_other,trace_p,app_cov,p_symptomaticA,prob_t_asymp,wfh_probC
hh_work_only,2.46535,0.94569,1.51966,6,11,1,37,0.34075,0.12525,0.3835925933437443,34%,0.94,38%,6 (1-37),50000,9900,2000,0,4,0.30000000000000004,0.53,0.6,0.5,0
isolation_manual_tracing_met_only,2.4419,0.98295,1.45895,8,13,1,38,0.3305,0.11935,0.4025349113395307,33%,0.91,40%,8 (1-38),59000,12000,2300,0,4,0.30000000000000004,0.53,0.6,0.5,0
isolation_manual_tracing_met_limit,2.44245,1.19094,1.25151,7,11,1,36,0.289,0.0903,0.48760056500644844,29%,0.78,49%,7 (1-36),50000,9900,2000,0,4,0.30000000000000004,0.53,0.6,0.5,0
isolation_manual_tracing,2.44365,1.0125,1.43115,11,16,1,47,0.3237,0.1178,0.4143392056963968,32%,0.89,41%,11 (1-47),72000,14000,2900,0,4,0.30000000000000004,0.53,0.6,0.5,0
