scenario,basic,r_diff,r_eff,contacts_med,contacts,traced_90_1,traced_90_2,above1,above5,reduction_raw,aboveX,r_effective,reduction,t_contacts,total_contacts100,total_contacts50,total_contacts10,contactsR1,wfh,limit_other,trace_p,app_cov,p_symptomaticA,prob_t_asymp,wfh_probC,cc_risk
no_measures,2.4042,1.6132,0.791,0,0,0,0,0.1501,0.0439,0.6709924299143166,15%,0.26,67%,0 (0-0),0,0,0,0,0.8,4,0.2,0.53,0.7,0.5,0.6,0.056999999999999995
hh_quaratine_only,2.4006,1.799,0.6016,2,2.1,0,4,0.1141,0.0339,0.7493959843372491,11%,0.2,75%,2 (0-4),21000,5200,1000,71200,0.8,4,0.2,0.53,0.7,0.5,0.6,0.056999999999999995
isolation_manual_tracing,2.476,1.86804,0.60796,8,11,1,33,0.1191,0.0332,0.7544588045234248,12%,0.19,75%,8 (1-33),110000,28000,5500,373000,0.8,4,0.2,0.53,0.7,0.5,0.6,0.056999999999999995
