scenario,basic,r_diff,r_eff,contacts_med,contacts,traced_90_1,traced_90_2,above1,above5,reduction_raw,aboveX,r_effective,reduction,t_contacts,total_contacts100,total_contacts50,total_contacts10,wfh,limit_other,trace_p,app_cov,p_symptomaticA,prob_t_asymp,wfh_probC
hh_work_only,2.4431,1.12435,1.31875,12,26,1,96,0.3049,0.10405,0.46021448160124423,30%,0.71,46%,12 (1-96),120000,23000,4700,0,4,0.8,0.53,0.6,0.5,0
isolation_manual_tracing_met_only,2.43435,1.19615,1.2382,18,30,1,96,0.28685,0.09625,0.4913631975681393,29%,0.67,49%,18 (1-96),140000,27000,5400,0,4,0.8,0.53,0.6,0.5,0
isolation_manual_tracing_met_limit,2.4294,1.36675,1.06265,15,27,1,87.0499999999993,0.24705,0.0719,0.5625874701572404,25%,0.58,56%,15 (1-87),120000,24000,4900,0,4,0.8,0.53,0.6,0.5,0
isolation_manual_tracing,2.4532,1.32824,1.12496,25,39,1,121,0.26125,0.08555,0.5414315995434534,26%,0.6,54%,25 (1-120),180000,35000,7000,0,4,0.8,0.53,0.6,0.5,0
