scenario,basic,r_diff,r_eff,contacts_med,contacts,traced_90_1,traced_90_2,above1,above5,reduction_raw,aboveX,r_effective,reduction,t_contacts,total_contacts100,total_contacts50,total_contacts10,contactsR1,wfh,limit_other,trace_p,app_cov,p_symptomaticA,prob_t_asymp,wfh_probC,cc_risk
no_measures,2.4777,0.7053,1.7724,0,0,0,0,0.3583,0.154,0.2846591597045647,36%,1.3,28%,0 (0-0),0,0,0,0,0.30000000000000004,4,0.2,0.53,0.7,0.5,0.6,0.056999999999999995
hh_quaratine_only,2.4377,1.0513,1.3864,2,2.1,0,4,0.2844,0.1122,0.4312671780776961,28%,1,43%,2 (0-4),21000,5200,1000,71200,0.30000000000000004,4,0.2,0.53,0.7,0.5,0.6,0.056999999999999995
isolation_manual_tracing,2.4525,1.13218,1.32032,8,11,1,33,0.2804,0.1076,0.4616432212028543,28%,0.95,46%,8 (1-33),110000,28000,5500,373000,0.30000000000000004,4,0.2,0.53,0.7,0.5,0.6,0.056999999999999995
