scenario,basic,r_diff,r_eff,contacts_med,contacts,traced_90_1,traced_90_2,above1,above5,reduction_raw,aboveX,r_effective,reduction,t_contacts,total_contacts100,total_contacts50,total_contacts10,contactsR1,wfh,limit_other,trace_p,app_cov,p_symptomaticA,prob_t_asymp,wfh_probC,cc_risk
no_measures,2.5582,0.7271,1.8311,0,0,0,0,0.3626,0.1629,0.2842232819951528,36%,1.3,28%,0 (0-0),0,0,0,0,0.30000000000000004,4,0.8,0.53,0.7,0.5,0.6,0.06
hh_quaratine_only,2.5296,1.0866,1.443,2,2.1,0,4,0.2967,0.1208,0.4295540796963946,30%,1,43%,2 (0-4),21000,5200,1000,71200,0.30000000000000004,4,0.8,0.53,0.7,0.5,0.6,0.06
isolation_manual_tracing,2.5345,1.29618,1.23832,25,38,1,120,0.2561,0.1012,0.5114144801736042,26%,0.89,51%,25 (1-120),380000,95000,19000,1290000,0.30000000000000004,4,0.8,0.53,0.7,0.5,0.6,0.06
