scenario,basic,r_diff,r_eff,contacts_med,contacts,traced_90_1,traced_90_2,above1,above5,reduction_raw,aboveX,r_effective,reduction,t_contacts,total_contacts100,total_contacts50,total_contacts10,wfh,limit_other,trace_p,app_cov,p_symptomaticA,prob_t_asymp,wfh_probC
hh_work_only,2.42905,1.09919,1.32986,10,22,1,82,0.307,0.10455,0.4525184743006525,31%,0.73,45%,10 (1-82),99000,20000,4000,0,4,0.7000000000000001,0.53,0.6,0.5,0
isolation_manual_tracing_met_only,2.4022,1.14211,1.26009,16,26,1,83,0.29195,0.10035,0.4754433436016985,29%,0.7,48%,16 (1-83),120000,23000,4700,0,4,0.7000000000000001,0.53,0.6,0.5,0
isolation_manual_tracing_met_limit,2.41215,1.3455,1.06665,13,24,1,77,0.24935,0.0697,0.5578011317704122,25%,0.59,56%,13 (1-77),110000,22000,4300,0,4,0.7000000000000001,0.53,0.6,0.5,0
isolation_manual_tracing,2.48455,1.28508,1.19947,22,34,1,105,0.27935,0.0906,0.5172284719566924,28%,0.64,52%,22 (1-100),150000,31000,6100,0,4,0.7000000000000001,0.53,0.6,0.5,0
