scenario,basic,r_diff,r_eff,contacts_med,contacts,traced_90_1,traced_90_2,above1,above5,reduction_raw,aboveX,r_effective,reduction,t_contacts,total_contacts100,total_contacts50,total_contacts10,wfh,limit_other,trace_p,app_cov,p_symptomaticA,prob_t_asymp,wfh_probC
hh_work_only,2.39,0.84,1.55,12,24,1,90.2,0.34,0.14,0.35146443514644354,34%,1,35%,12 (1-90),110000,22000,4300,0,4,0.7000000000000001,0.53,0.6,0.5,0
isolation_manual_tracing_met_only,1.96,0.774,1.186,11,22,1.95,73.45,0.25,0.1,0.39489795918367354,25%,0.94,39%,11 (2-73),99000,20000,4000,0,4,0.7000000000000001,0.53,0.6,0.5,0
isolation_manual_tracing_met_limit,2.67,1.656,1.014,14.5,26,1.95,64.3999999999999,0.25,0.06,0.6202247191011236,25%,0.59,62%,14 (2-64),120000,23000,4700,0,4,0.7000000000000001,0.53,0.6,0.5,0
isolation_manual_tracing,2.18,0.976,1.204,18.5,30,2,82.0999999999999,0.2,0.08,0.44770642201834865,20%,0.86,45%,18 (2-82),140000,27000,5400,0,4,0.7000000000000001,0.53,0.6,0.5,0
