scenario,basic,r_diff,r_eff,contacts_med,contacts,traced_90_1,traced_90_2,above1,above5,reduction_raw,aboveX,r_effective,reduction,t_contacts,total_contacts100,total_contacts50,total_contacts10,contactsR1,wfh,limit_other,trace_p,app_cov,p_symptomaticA,prob_t_asymp,wfh_probC,cc_risk
no_measures,1.4272,0.6397,0.7875,0,0,0,0,0.173,0.0393,0.4482202914798207,17%,0.43,45%,0 (0-0),0,0,0,0,0.6000000000000001,4,0.2,0.53,0.7,0.5,0.6,0.03
hh_quaratine_only,1.4697,0.85504,0.61466,2,2.1,0,4,0.1292,0.0303,0.5817785942709397,13%,0.33,58%,2 (0-4),21000,5200,1000,71200,0.6000000000000001,4,0.2,0.53,0.7,0.5,0.6,0.03
isolation_manual_tracing,1.4605,0.87034,0.59016,8,11,1,32,0.1273,0.0252,0.595919205751455,13%,0.32,60%,8 (1-32),110000,28000,5500,373000,0.6000000000000001,4,0.2,0.53,0.7,0.5,0.6,0.03
