scenario,basic,r_diff,r_eff,contacts_med,contacts,traced_90_1,traced_90_2,above1,above5,reduction_raw,aboveX,r_effective,reduction,t_contacts,total_contacts100,total_contacts50,total_contacts10,wfh,limit_other,trace_p,app_cov,p_symptomaticA,prob_t_asymp,wfh_probC
isolation_manual_tracing_met_only,2.6238,1.55507,1.06873,21,36,1,115,0.25035,0.0765,0.5926785578169068,25%,0.44,59%,21 (1-120),160000,32000,6500,0.4,4,0.95,0.53,0.6,0.5,0
isolation_manual_tracing,2.5746000000000002,1.6211,0.9535,29,46,1,141,0.2184,0.0669,0.6296512079546337,22%,0.4,63%,29 (1-140),210000,41000,8300,0.4,4,0.95,0.53,0.6,0.5,0
cell_phone,2.5918,1.3917,1.2001,4,17,1,72,0.26905,0.0892,0.5369627286056023,27%,0.49,54%,4 (1-72),76000,15000,3100,0.4,4,0.95,0.53,0.6,0.5,0
