scenario,basic,r_diff,r_eff,contacts_med,contacts,traced_90_1,traced_90_2,above1,above5,reduction_raw,aboveX,r_effective,reduction,t_contacts,total_contacts100,total_contacts50,total_contacts10,wfh,limit_other,trace_p,app_cov,p_symptomaticA,prob_t_asymp,wfh_probC
hh_work_only,2.37,0.844,1.526,6.5,9.2,0,26.05,0.37,0.13,0.35611814345991566,37%,0.98,36%,6.5 (0-26),41000,8300,1700,0,4,0.30000000000000004,0.53,0.6,0.5,0
isolation_manual_tracing_met_only,2.08,0.738,1.342,7,10,1,23.05,0.33,0.1,0.35480769230769227,33%,0.98,35%,7 (1-23),45000,9000,1800,0,4,0.30000000000000004,0.53,0.6,0.5,0
isolation_manual_tracing_met_limit,2.33,1.132,1.198,6,11,1,36.15,0.28,0.11,0.4858369098712446,28%,0.78,49%,6 (1-36),50000,9900,2000,0,4,0.30000000000000004,0.53,0.6,0.5,0
isolation_manual_tracing,3.17,1.298,1.872,11,21,1,63.9999999999999,0.41,0.15,0.4094637223974763,41%,0.9,41%,11 (1-64),95000,19000,3800,0,4,0.30000000000000004,0.53,0.6,0.5,0
