scenario,basic,r_diff,r_eff,contacts_med,contacts,traced_90_1,traced_90_2,above1,above5,reduction_raw,aboveX,r_effective,reduction,t_contacts,total_contacts100,total_contacts50,total_contacts10,wfh,limit_other,trace_p,app_cov,p_symptomaticA,prob_t_asymp,wfh_probC
isolation_manual_tracing_met_only,2.64515,1.38171,1.26344,22,36,1,114,0.2913,0.09715,0.5223560100561405,29%,0.6,52%,22 (1-110),160000,32000,6500,0,6,0.95,0.53,0.6,0.5,0
isolation_manual_tracing_met_limit,2.5474,1.43745,1.10995,19,32,1,106,0.2647,0.079,0.5642812279186622,26%,0.55,56%,19 (1-110),140000,29000,5800,0,6,0.95,0.53,0.6,0.5,0
cell_phone,2.62355,1.14395,1.4796,4,17,0,69,0.33105,0.1163,0.43603133159268925,33%,0.71,44%,4 (0-69),76000,15000,3100,0,6,0.95,0.53,0.6,0.5,0
cell_phone_met_limit,2.615,1.2844,1.3306,4,15,1,56,0.3025,0.09855,0.4911663479923518,30%,0.64,49%,4 (1-56),68000,14000,2700,0,6,0.95,0.53,0.6,0.5,0
