scenario,basic,r_diff,r_eff,contacts_med,contacts,traced_90_1,traced_90_2,above1,above5,reduction_raw,aboveX,r_effective,reduction,t_contacts,total_contacts100,total_contacts50,total_contacts10,wfh,limit_other,trace_p,app_cov,p_symptomaticA,prob_t_asymp,wfh_probC
hh_work_only,2.6014,1.22496,1.37644,12,25,1,91,0.31405,0.1073,0.4708849081263934,31%,0.73,47%,12 (1-91),110000,22000,4500,0,4,0.8,0.53,0.6,0.5,0
isolation_manual_tracing_met_only,2.60165,1.28477,1.31688,18,30,1,96,0.30765,0.1018,0.4938289162646782,31%,0.7,49%,18 (1-96),140000,27000,5400,0,4,0.8,0.53,0.6,0.5,0
isolation_manual_tracing_met_limit,2.64935,1.52435,1.125,15,27,1,89,0.2659,0.07675,0.5753675429822409,27%,0.58,58%,15 (1-89),120000,24000,4900,0,4,0.8,0.53,0.6,0.5,0
isolation_manual_tracing,2.57155,1.37942,1.19213,25,38,1,120,0.27655,0.0912,0.5364157803659272,28%,0.64,54%,25 (1-120),170000,34000,6800,0,4,0.8,0.53,0.6,0.5,0
