scenario,basic,r_diff,r_eff,contacts_med,contacts,traced_90_1,traced_90_2,above1,above5,reduction_raw,aboveX,r_effective,reduction,t_contacts,total_contacts100,total_contacts50,total_contacts10,wfh,limit_other,trace_p,app_cov,prob_symp,prob_t_asymp
isolation_manual_tracing_met_only,2.5904,1.767,0.8234,22,35,1,115,0.18355,0.0527,0.6821340333539221,18%,0.262,68%,22 (1-120),630,320,160,0.6000000000000001,4,0.95,0.53,0.6,0.5
isolation_manual_tracing,2.6109,1.89545,0.71545,28,44,1,135,0.1606,0.04625,0.7259757171856448,16%,0.226,73%,28 (1-140),790,400,200,0.6000000000000001,4,0.95,0.53,0.6,0.5
cell_phone,2.59775,1.5574,1.04035,5,15,0,57,0.2315,0.0754,0.5995188143585795,23%,0.33,60%,5 (0-57),270,140,68,0.6000000000000001,4,0.95,0.53,0.6,0.5
