scenario,basic,r_diff,r_eff,contacts_med,contacts,traced_90_1,traced_90_2,above1,above5,reduction_raw,aboveX,r_effective,reduction,t_contacts,total_contacts100,total_contacts50,total_contacts10,wfh,limit_other,trace_p,app_cov,p_symptomaticA,prob_t_asymp,wfh_probC
isolation_manual_tracing_met_only,2.47,1.838,0.632,22,34,1,99.9499999999999,0.1,0.02,0.7441295546558704,10%,0.16,74%,22 (1-100),150000,31000,6100,0,3,0.95,0.53,0.6,0.5,0
isolation_manual_tracing_met_limit,2.46,1.272,1.188,18.5,35,1,114.25,0.24,0.09,0.5170731707317073,24%,0.31,52%,18 (1-110),160000,32000,6300,0,3,0.95,0.53,0.6,0.5,0
cell_phone,2.32,0.97,1.35,4,15,1,66,0.27,0.12,0.418103448275862,27%,0.37,42%,4 (1-66),68000,14000,2700,0,3,0.95,0.53,0.6,0.5,0
cell_phone_met_limit,2.08,1.14,0.94,4,13,1,44.35,0.28,0.03,0.5480769230769231,28%,0.29,55%,4 (1-44),59000,12000,2300,0,3,0.95,0.53,0.6,0.5,0
