scenario,basic,r_diff,r_eff,contacts_med,contacts,traced_90_1,traced_90_2,above1,above5,reduction_raw,aboveX,r_effective,reduction,t_contacts,total_contacts100,total_contacts50,total_contacts10,wfh,limit_other,trace_p,app_cov,p_symptomaticA,prob_t_asymp,wfh_probC
isolation_manual_tracing_met_only,2.5786,1.31825,1.26035,21,35,1,113,0.2913,0.09515,0.511227022415264,29%,0.62,51%,21 (1-110),160000,32000,6300,0,1,0.95,0.53,0.6,0.5,0
isolation_manual_tracing_met_limit,2.6054,1.7041,0.9013,14,28,1,101,0.20525,0.05865,0.6540646349888692,21%,0.44,65%,14 (1-100),130000,25000,5000,0,1,0.95,0.53,0.6,0.5,0
cell_phone,2.56675,1.10205,1.4647,4,17,1,71,0.3275,0.1178,0.4293561897340995,33%,0.72,43%,4 (1-71),76000,15000,3100,0,1,0.95,0.53,0.6,0.5,0
cell_phone_met_limit,2.56405,1.4544,1.10965,4,12,1,47,0.2476,0.07625,0.5672276281663774,25%,0.55,57%,4 (1-47),54000,11000,2200,0,1,0.95,0.53,0.6,0.5,0
