scenario,basic,r_diff,r_eff,contacts_med,contacts,traced_90_1,traced_90_2,above1,above5,reduction_raw,aboveX,r_effective,reduction,t_contacts,total_contacts100,total_contacts50,total_contacts10,wfh,limit_other,trace_p,app_cov,p_symptomaticA,prob_t_asymp,wfh_probC
hh_work_only,2.55535,1.1182,1.43715,9,19,1,69,0.3345,0.11415,0.43759171933394636,33%,0.81,44%,9 (1-69),86000,17000,3400,0,4,0.6000000000000001,0.53,0.6,0.5,0
isolation_manual_tracing_met_only,2.59825,1.17714,1.42111,15,23,1,72,0.33025,0.11525,0.45305109208120853,33%,0.79,45%,15 (1-72),100000,21000,4100,0,4,0.6000000000000001,0.53,0.6,0.5,0
isolation_manual_tracing_met_limit,2.60125,1.39475,1.2065,12,21,1,69,0.282,0.0831,0.5361845266698703,28%,0.67,54%,12 (1-69),95000,19000,3800,0,4,0.6000000000000001,0.53,0.6,0.5,0
isolation_manual_tracing,2.5638,1.26426,1.29954,19,29,1,91,0.30195,0.10075,0.4931195881113972,30%,0.73,49%,19 (1-91),130000,26000,5200,0,4,0.6000000000000001,0.53,0.6,0.5,0
