scenario,basic,r_diff,r_eff,contacts_med,contacts,traced_90_1,traced_90_2,above1,above5,reduction_raw,aboveX,r_effective,reduction,t_contacts,total_contacts100,total_contacts50,total_contacts10,wfh,limit_other,trace_p,app_cov,p_symptomaticA,prob_t_asymp,wfh_probC
isolation_manual_tracing_met_only,2.47715,1.59416,0.88299,21,36,1,116,0.2013,0.0595,0.6435460105363018,20%,0.31,64%,21 (1-120),160000,32000,6500,0.6,4,0.95,0.53,0.6,0.5,0
isolation_manual_tracing,2.4307,1.66091,0.76979,29,46,1,142,0.17275,0.0494,0.6833052207183116,17%,0.28,68%,29 (1-140),210000,41000,8300,0.6,4,0.95,0.53,0.6,0.5,0
cell_phone,2.4346,1.4187,1.0159,4,17,1,69.0499999999993,0.2231,0.0722,0.5827240614474657,22%,0.37,58%,4 (1-69),76000,15000,3100,0.6,4,0.95,0.53,0.6,0.5,0
