scenario,basic,r_diff,r_eff,contacts_med,contacts,traced_90_1,traced_90_2,above1,above5,reduction_raw,aboveX,r_effective,reduction,t_contacts,total_contacts100,total_contacts50,total_contacts10,wfh,limit_other,trace_p,app_cov,p_symptomaticA,prob_t_asymp,wfh_probC
isolation_manual_tracing_met_only,2.5726,1.56271,1.00989,21,35,1,116,0.2344,0.07005,0.6074438311435901,23%,0.4,61%,21 (1-120),160000,32000,6300,0.5,1,0.95,0.53,0.6,0.5,0
isolation_manual_tracing_met_limit,2.5762,1.90156,0.67464,14,28,1,98,0.14785,0.03705,0.7381259219004735,15%,0.26,74%,14 (1-98),130000,25000,5000,0.5,1,0.95,0.53,0.6,0.5,0
cell_phone,2.6254,1.45035,1.17505,4,17,1,71,0.25925,0.08735,0.5524301058886265,26%,0.45,55%,4 (1-71),76000,15000,3100,0.5,1,0.95,0.53,0.6,0.5,0
cell_phone_met_limit,2.61735,1.828,0.78935,4,12,1,47,0.16795,0.04735,0.6984163371348884,17%,0.3,70%,4 (1-47),54000,11000,2200,0.5,1,0.95,0.53,0.6,0.5,0
