scenario,basic,r_diff,r_eff,contacts_med,contacts,traced_90_1,traced_90_2,above1,above5,reduction_raw,aboveX,r_effective,reduction,t_contacts,total_contacts100,total_contacts50,total_contacts10,wfh,limit_other,trace_p,app_cov,p_symptomaticA,prob_t_asymp,wfh_probC
hh_work_only,2.6022,1.17133,1.43087,11,23,1,82,0.3327,0.1153,0.45013065867343016,33%,0.79,45%,11 (1-82),100000,21000,4100,0,4,0.7000000000000001,0.53,0.6,0.5,0
isolation_manual_tracing_met_only,2.5796,1.23826,1.34134,16,26,1,85,0.30865,0.10355,0.4800201581640565,31%,0.74,48%,16 (1-85),120000,23000,4700,0,4,0.7000000000000001,0.53,0.6,0.5,0
isolation_manual_tracing_met_limit,2.59205,1.42763,1.16442,13,23,1,78,0.27585,0.0818,0.5507725545417719,28%,0.64,55%,13 (1-78),100000,21000,4100,0,4,0.7000000000000001,0.53,0.6,0.5,0
isolation_manual_tracing,2.59465,1.33724,1.25741,22,34,1,103,0.2943,0.09645,0.515383577746517,29%,0.69,52%,22 (1-100),150000,31000,6100,0,4,0.7000000000000001,0.53,0.6,0.5,0
