scenario,basic,r_diff,r_eff,contacts_med,contacts,traced_90_1,traced_90_2,above1,above5,reduction_raw,aboveX,r_effective,reduction,t_contacts,total_contacts100,total_contacts50,total_contacts10,contactsR1,wfh,limit_other,trace_p,app_cov,p_symptomaticA,prob_t_asymp,wfh_probC,cc_risk
no_measures,2.461,0.6827,1.7783,0,0,0,0,0.3549,0.1529,0.2774075579032913,35%,1.3,28%,0 (0-0),0,0,0,0,0.30000000000000004,4,0.8,0.53,0.7,0.5,0.6,0.056999999999999995
hh_quaratine_only,2.4133,1.0632,1.3501,2,2.1,0,4,0.2855,0.1109,0.4405585712509841,29%,0.99,44%,2 (0-4),21000,5200,1000,71200,0.30000000000000004,4,0.8,0.53,0.7,0.5,0.6,0.056999999999999995
isolation_manual_tracing,2.4272,1.22496,1.20224,25,39,1,121,0.2508,0.0954,0.5046802900461438,25%,0.88,50%,25 (1-120),390000,98000,20000,1320000,0.30000000000000004,4,0.8,0.53,0.7,0.5,0.6,0.056999999999999995
