scenario,basic,r_diff,r_eff,contacts_med,contacts,traced_90_1,traced_90_2,above1,above5,reduction_raw,aboveX,r_effective,reduction,t_contacts,total_contacts100,total_contacts50,total_contacts10,wfh,limit_other,trace_p,app_cov,p_symptomaticA,prob_t_asymp,wfh_probC
isolation_manual_tracing_met_only,2.64,1.35736,1.28264,21,36,1,116,0.29495,0.09815,0.5141515151515152,29%,0.62,51%,21 (1-120),160000,32000,6500,0,18,0.95,0.53,0.6,0.5,0
isolation_manual_tracing_met_limit,2.5868,1.36869,1.21811,22,35,1,108,0.2895,0.0921,0.5291054584815216,29%,0.6,53%,22 (1-110),160000,32000,6300,0,18,0.95,0.53,0.6,0.5,0
cell_phone,2.58575,1.12075,1.465,4,17,1,71,0.32865,0.1175,0.4334332398723775,33%,0.73,43%,4 (1-71),76000,15000,3100,0,18,0.95,0.53,0.6,0.5,0
cell_phone_met_limit,2.5811,1.1487,1.4324,4,17,1,68,0.3282,0.11715,0.44504281120452527,33%,0.71,45%,4 (1-68),76000,15000,3100,0,18,0.95,0.53,0.6,0.5,0
