scenario,basic,r_diff,r_eff,contacts_med,contacts,traced_90_1,traced_90_2,above1,above5,reduction_raw,aboveX,r_effective,reduction,t_contacts,total_contacts100,total_contacts50,total_contacts10,wfh,limit_other,trace_p,app_cov,p_symptomaticA,prob_t_asymp,wfh_probC
isolation_manual_tracing_met_only,1.76,0.862,0.898,18,27,1,74.6,0.22,0.06,0.48977272727272725,22%,0.46,49%,18 (1-75),120000,24000,4900,0,10,0.95,0.53,0.6,0.5,0
isolation_manual_tracing_met_limit,2.27,1.04,1.23,19.5,32,1.95,90.1,0.27,0.07,0.4581497797356828,27%,0.49,46%,20 (2-90),140000,29000,5800,0,10,0.95,0.53,0.6,0.5,0
cell_phone,2.58,1.13,1.45,5,23,0,86.9999999999999,0.3,0.12,0.437984496124031,30%,0.5,44%,5 (0-87),100000,21000,4100,0,10,0.95,0.53,0.6,0.5,0
cell_phone_met_limit,2.05,0.85,1.2,3,13,0,51.05,0.27,0.15,0.41463414634146334,27%,0.53,41%,3 (0-51),59000,12000,2300,0,10,0.95,0.53,0.6,0.5,0
