scenario,basic,r_diff,r_eff,contacts_med,contacts,traced_90_1,traced_90_2,above1,above5,reduction_raw,aboveX,r_effective,reduction,t_contacts,total_contacts100,total_contacts50,total_contacts10,contactsR1,wfh,limit_other,trace_p,app_cov,p_symptomaticA,prob_t_asymp,wfh_probC,cc_risk
no_measures,2.0142,1.0077,1.0065,0,0,0,0,0.2163,0.0661,0.5002978850163837,22%,0.5,50%,0 (0-0),0,0,0,0,0.6000000000000001,4,0.8,0.53,0.7,0.5,0.6,0.045
hh_quaratine_only,2.0036,1.22026,0.78334,2,2.1,0,4,0.1644,0.0501,0.6090337392693153,16%,0.39,61%,2 (0-4),21000,5200,1000,71200,0.6000000000000001,4,0.8,0.53,0.7,0.5,0.6,0.045
isolation_manual_tracing,2.0736,1.3477,0.7259,25,39,1,123,0.1502,0.0441,0.6499324845679012,15%,0.35,65%,25 (1-120),390000,98000,20000,1320000,0.6000000000000001,4,0.8,0.53,0.7,0.5,0.6,0.045
