scenario,basic,r_diff,r_eff,contacts_med,contacts,traced_90_1,traced_90_2,above1,above5,reduction_raw,aboveX,r_effective,reduction,t_contacts,total_contacts100,total_contacts50,total_contacts10,wfh,limit_other,trace_p,app_cov,p_symptomaticA,prob_t_asymp,wfh_probC
isolation_manual_tracing_met_only,2.4636,1.50731,0.95629,22,35,1,114,0.22215,0.0676,0.6118322779672025,22%,0.37,61%,22 (1-110),160000,32000,6300,0.5,10,0.95,0.53,0.6,0.5,0
isolation_manual_tracing_met_limit,2.4242,1.57002,0.85418,21,33,1,105,0.2077,0.0513,0.647644583780216,21%,0.34,65%,21 (1-100),150000,30000,5900,0.5,10,0.95,0.53,0.6,0.5,0
cell_phone,2.40845,1.3356,1.07285,4,17,1,68,0.23775,0.0768,0.5545475305694534,24%,0.43,55%,4 (1-68),76000,15000,3100,0.5,10,0.95,0.53,0.6,0.5,0
cell_phone_met_limit,2.4896,1.48035,1.00925,4,16,1,61,0.2276,0.06805,0.5946135925449871,23%,0.39,59%,4 (1-61),72000,14000,2900,0.5,10,0.95,0.53,0.6,0.5,0
