scenario,basic,r_diff,r_eff,contacts_med,contacts,traced_90_1,traced_90_2,above1,above5,reduction_raw,aboveX,r_effective,reduction,t_contacts,total_contacts100,total_contacts50,total_contacts10,contactsR1,wfh,limit_other,trace_p,app_cov,p_symptomaticA,prob_t_asymp,wfh_probC
isolation_manual_tracing_met_only,2.59668,1.695768,0.900912,21,36,1,114,0.20472,0.0616,0.65305235916632,20%,0.31,65%,21 (1-110),650000,160000,32000,2200000,0.5,2,0.95,0.53,0.7,0.5,0
isolation_manual_tracing_met_limit,2.5832,1.93992,0.64328,15,30,1,105,0.13944,0.03536,0.7509755342211211,14%,0.22,75%,15 (1-100),540000,140000,27000,1830000,0.5,2,0.95,0.53,0.7,0.5,0
cell_phone,2.58984,1.543,1.04684,4,17,1,71,0.22944,0.0772,0.5957897012942885,23%,0.36,60%,4 (1-71),310000,76000,15000,1040000,0.5,2,0.95,0.53,0.7,0.5,0
cell_phone_met_limit,2.58448,1.82292,0.76156,4,13,1,50,0.15824,0.04484,0.7053333746053365,16%,0.27,71%,4 (1-50),230000,59000,12000,794000,0.5,2,0.95,0.53,0.7,0.5,0
