scenario,basic,r_diff,r_eff,contacts_med,contacts,traced_90_1,traced_90_2,above1,above5,reduction_raw,aboveX,r_effective,reduction,t_contacts,total_contacts100,total_contacts50,total_contacts10,wfh,limit_other,trace_p,app_cov,p_symptomaticA,prob_t_asymp,wfh_probC
isolation_manual_tracing_met_only,2.46925,1.27719,1.19206,21,36,1,116,0.27355,0.0915,0.517238027741217,27%,0.58,52%,21 (1-120),160000,32000,6500,0,10,0.95,0.53,0.6,0.5,0
isolation_manual_tracing_met_limit,2.40155,1.31504,1.08651,21,33,1,106,0.2546,0.07585,0.5475796881180903,25%,0.54,55%,21 (1-110),150000,30000,5900,0,10,0.95,0.53,0.6,0.5,0
cell_phone,2.45475,1.0485,1.40625,4,17,1,71,0.3111,0.1124,0.42713107241063253,31%,0.68,43%,4 (1-71),76000,15000,3100,0,10,0.95,0.53,0.6,0.5,0
cell_phone_met_limit,2.40035,1.08695,1.3134,4,16,1,62,0.2948,0.1002,0.4528297956548004,29%,0.65,45%,4 (1-62),72000,14000,2900,0,10,0.95,0.53,0.6,0.5,0
