scenario,basic,r_diff,r_eff,contacts,reduction_raw,r_effective,reduction,t_contacts,total_contacts100,total_contacts50,total_contacts10,wfh,limit_other,trace_p,app_cov,prob_symp,prob_t_asymp
isolation_manual_tracing_met_only,2.705,1.821,0.884,36,0.6731977818853974,0.29,67 %,36,3240,1620,324,0.6000000000000001,4,0.95,0.53,0.6,0.5
isolation_manual_tracing,2.477,1.707,0.77,43,0.6891400888171175,0.27,69 %,43,3870,1940,387,0.6000000000000001,4,0.95,0.53,0.6,0.5
cell_phone,2.651,1.707,0.944,16,0.6439079592606564,0.31,64 %,16,1440,720,144,0.6000000000000001,4,0.95,0.53,0.6,0.5
