scenario,basic,r_diff,r_eff,contacts_med,contacts,traced_90_1,traced_90_2,above1,above5,reduction_raw,aboveX,r_effective,reduction,t_contacts,total_contacts100,total_contacts50,total_contacts10,contactsR1,wfh,limit_other,trace_p,app_cov,p_symptomaticA,prob_t_asymp,wfh_probC,cc_risk
no_measures,2.4485,1.4587,0.9898,0,0,0,0,0.1941,0.0673,0.5957525015315499,19%,0.4,60%,0 (0-0),0,0,0,0,0.7000000000000001,4,0.35,0.53,0.7,0.5,0.6,0.056999999999999995
hh_quaratine_only,2.4823,1.6964,0.7859,2,2.1,0,4,0.1544,0.0527,0.6833984611046207,15%,0.31,68%,2 (0-4),21000,5200,1000,71200,0.7000000000000001,4,0.35,0.53,0.7,0.5,0.6,0.056999999999999995
isolation_manual_tracing,2.4808,1.75968,0.72112,12,18,1,55,0.145,0.045,0.709319574330861,14%,0.29,71%,12 (1-55),180000,45000,9000,610000,0.7000000000000001,4,0.35,0.53,0.7,0.5,0.6,0.056999999999999995
