scenario,basic,r_diff,r_eff,contacts_med,contacts,traced_90_1,traced_90_2,above1,above5,reduction_raw,aboveX,r_effective,reduction,t_contacts,total_contacts100,total_contacts50,total_contacts10,wfh,limit_other,trace_p,app_cov,p_symptomaticA,prob_t_asymp,wfh_probC
isolation_manual_tracing_met_only,2.27,1.166,1.104,22.5,35,1.95,115.05,0.22,0.09,0.5136563876651983,22%,0.54,51%,22 (2-120),160000,32000,6300,0,2,0.95,0.53,0.6,0.5,0
isolation_manual_tracing_met_limit,2.47,1.466,1.004,12,27,1,94.9499999999999,0.18,0.08,0.5935222672064777,18%,0.45,59%,12 (1-95),120000,24000,4900,0,2,0.95,0.53,0.6,0.5,0
cell_phone,2.54,0.86,1.68,3,17,1,74.3,0.28,0.1,0.3385826771653544,28%,0.73,34%,3 (1-74),76000,15000,3100,0,2,0.95,0.53,0.6,0.5,0
cell_phone_met_limit,1.49,0.86,0.63,3,9.5,1,36.3,0.14,0.03,0.5771812080536913,14%,0.47,58%,3 (1-36),43000,8600,1700,0,2,0.95,0.53,0.6,0.5,0
