scenario,basic,r_diff,r_eff,contacts_med,contacts,traced_90_1,traced_90_2,above1,above5,reduction_raw,aboveX,r_effective,reduction,t_contacts,total_contacts100,total_contacts50,total_contacts10,wfh,limit_other,trace_p,app_cov,p_symptomaticA,prob_t_asymp,wfh_probC
isolation_manual_tracing_met_only,2.4257,1.47063,0.95507,21,35,1,115,0.2213,0.06595,0.6062703549490869,22%,0.38,61%,21 (1-120),160000,32000,6300,0.5,6,0.95,0.53,0.6,0.5,0
isolation_manual_tracing_met_limit,2.45635,1.64546,0.81089,19,33,1,106,0.1886,0.0461,0.6698801066623241,19%,0.32,67%,19 (1-110),150000,30000,5900,0.5,6,0.95,0.53,0.6,0.5,0
cell_phone,2.44945,1.3534,1.09605,4,18,1,72,0.23955,0.0814,0.5525322011063709,24%,0.43,55%,4 (1-72),81000,16000,3200,0.5,6,0.95,0.53,0.6,0.5,0
cell_phone_met_limit,2.44715,1.5013,0.94585,4,15,1,55,0.2104,0.05995,0.613489160860593,21%,0.37,61%,4 (1-55),68000,14000,2700,0.5,6,0.95,0.53,0.6,0.5,0
