scenario,basic,r_diff,r_eff,contacts_med,contacts,traced_90_1,traced_90_2,above1,above5,reduction_raw,aboveX,r_effective,reduction,t_contacts,total_contacts100,total_contacts50,total_contacts10,wfh,limit_other,trace_p,app_cov,p_symptomaticA,prob_t_asymp,wfh_probC
isolation_manual_tracing_met_only,2.4902,1.3225,1.1677,22,36,1,116,0.2684,0.08985,0.5310818408159987,27%,0.55,53%,22 (1-120),160000,32000,6500,0,100,0.95,0.53,0.6,0.5,0
isolation_manual_tracing_met_limit,2.4433,1.25808,1.18522,22,35,1,114,0.27135,0.0914,0.5149101624851635,27%,0.57,51%,22 (1-110),160000,32000,6300,0,100,0.95,0.53,0.6,0.5,0
cell_phone,2.42615,1.0446,1.38155,4,17,1,68,0.3019,0.1074,0.43055870411969577,30%,0.66,43%,4 (1-68),76000,15000,3100,0,100,0.95,0.53,0.6,0.5,0
cell_phone_met_limit,2.4535,1.05405,1.39945,4,17,1,72,0.30545,0.11465,0.42961076013857746,31%,0.67,43%,4 (1-72),76000,15000,3100,0,100,0.95,0.53,0.6,0.5,0
