scenario,basic,r_diff,r_eff,contacts_med,contacts,traced_90_1,traced_90_2,above1,above5,reduction_raw,aboveX,r_effective,reduction,t_contacts,total_contacts100,total_contacts50,total_contacts10,contactsR1,wfh,limit_other,trace_p,app_cov,p_symptomaticA,prob_t_asymp,wfh_probC,cc_risk
no_measures,2.0273,0.3982,1.6291,0,0,0,0,0.3499,0.1361,0.1964188822571893,35%,1.3,20%,0 (0-0),0,0,0,0,0.2,4,0.35,0.53,0.7,0.5,0.6,0.045
hh_quaratine_only,1.9868,0.7632,1.2236,2,2.1,0,4,0.2701,0.0945,0.38413529293336013,27%,1,38%,2 (0-4),21000,5200,1000,71200,0.2,4,0.35,0.53,0.7,0.5,0.6,0.045
isolation_manual_tracing,2.1026,0.83696,1.26564,12,19,1,56.0499999999993,0.2722,0.0968,0.3980595453248358,27%,0.98,40%,12 (1-56),190000,48000,9500,644000,0.2,4,0.35,0.53,0.7,0.5,0.6,0.045
