scenario,basic,r_diff,r_eff,contacts_med,contacts,traced_90_1,traced_90_2,above1,above5,reduction_raw,aboveX,r_effective,reduction,t_contacts,total_contacts100,total_contacts50,total_contacts10,wfh,limit_other,trace_p,app_cov,p_symptomaticA,prob_t_asymp,wfh_probC
isolation_manual_tracing_met_only,2.8,1.36,1.44,30.5,44,1,125.75,0.28,0.09,0.48571428571428565,28%,0.74,49%,30 (1-130),200000,40000,7900,0.5,3,0.95,0.53,0.6,0.5,0
isolation_manual_tracing_met_limit,2.75,2.026,0.724,14,37,1,129.45,0.12,0.05,0.7367272727272727,12%,0.38,74%,14 (1-130),170000,33000,6700,0.5,3,0.95,0.53,0.6,0.5,0
cell_phone,1.76,0.83,0.93,3,13,0.95,55.1,0.23,0.04,0.47159090909090906,23%,0.76,47%,3 (0.95-55),59000,12000,2300,0.5,3,0.95,0.53,0.6,0.5,0
cell_phone_met_limit,2.24,1.36,0.88,4,13,0,47.35,0.18,0.03,0.6071428571428572,18%,0.57,61%,4 (0-47),59000,12000,2300,0.5,3,0.95,0.53,0.6,0.5,0
