scenario,basic,r_diff,r_eff,contacts_med,contacts,traced_90_1,traced_90_2,above1,above5,reduction_raw,aboveX,r_effective,reduction,t_contacts,total_contacts100,total_contacts50,total_contacts10,wfh,limit_other,trace_p,app_cov,p_symptomaticA,prob_t_asymp,wfh_probC
hh_work_only,2.21,1.386,0.824,9,24,1,72.2,0.21,0.04,0.6271493212669683,21%,0.31,63%,9 (1-72),110000,22000,4300,0,4,0.9,0.53,0.6,0.5,0
isolation_manual_tracing_met_only,2.49,1.098,1.392,23,36,0.95,125.05,0.28,0.15,0.4409638554216868,28%,0.46,44%,23 (0.95-130),160000,32000,6500,0,4,0.9,0.53,0.6,0.5,0
isolation_manual_tracing_met_limit,2.41,1.342,1.068,16,30,1.95,106.35,0.25,0.08,0.5568464730290457,25%,0.37,56%,16 (2-110),140000,27000,5400,0,4,0.9,0.53,0.6,0.5,0
isolation_manual_tracing,2.99,2.2,0.79,27.5,44,1,154.1,0.17,0.05,0.7357859531772575,17%,0.22,74%,28 (1-150),200000,40000,7900,0,4,0.9,0.53,0.6,0.5,0
