scenario,basic,r_diff,r_eff,contacts_med,contacts,traced_90_1,traced_90_2,above1,above5,reduction_raw,aboveX,r_effective,reduction,t_contacts,total_contacts100,total_contacts50,total_contacts10,contactsR1,wfh,limit_other,trace_p,app_cov,p_symptomaticA,prob_t_asymp,wfh_probC,cc_risk
no_measures,1.4498,0.3633,1.0865,0,0,0,0,0.2445,0.0713,0.2505862877638295,24%,0.81,25%,0 (0-0),0,0,0,0,0.30000000000000004,4,0.8,0.53,0.7,0.5,0.6,0.03
hh_quaratine_only,1.4557,0.59218,0.86352,2,2.2,0,4,0.1897,0.0502,0.40680085182386483,19%,0.64,41%,2 (0-4),22000,5500,1100,74600,0.30000000000000004,4,0.8,0.53,0.7,0.5,0.6,0.03
isolation_manual_tracing,1.4455,0.68684,0.75866,25,39,1,123,0.1696,0.0413,0.4751573849878935,17%,0.57,48%,25 (1-120),390000,98000,20000,1320000,0.30000000000000004,4,0.8,0.53,0.7,0.5,0.6,0.03
