scenario,basic,r_diff,r_eff,contacts_med,contacts,traced_90_1,traced_90_2,above1,above5,reduction_raw,aboveX,r_effective,reduction,t_contacts,total_contacts100,total_contacts50,total_contacts10,contactsR1,wfh,limit_other,trace_p,app_cov,p_symptomaticA,prob_t_asymp,wfh_probC
hh_work_only,2.58148,1.277392,1.304088,10,23,1,83,0.29736,0.10436,0.49482932271410207,30%,0.66,49%,10 (1-83),410000,100000,21000,1400000,0,4,0.7000000000000001,0.53,0.7,0.5,0
isolation_manual_tracing_met_only,2.58388,1.353352,1.230528,16,26,1,86,0.28232,0.09592,0.5237673576172268,28%,0.62,52%,16 (1-86),470000,120000,23000,1590000,0,4,0.7000000000000001,0.53,0.7,0.5,0
isolation_manual_tracing_met_limit,2.55964,1.530632,1.029008,13,24,1,77,0.2402,0.06804,0.5979872169523839,24%,0.52,60%,13 (1-77),430000,110000,22000,1460000,0,4,0.7000000000000001,0.53,0.7,0.5,0
isolation_manual_tracing,2.57292,1.460176,1.112744,22,34,1,104,0.25604,0.08184,0.567517062326073,26%,0.56,57%,22 (1-100),610000,150000,31000,2080000,0,4,0.7000000000000001,0.53,0.7,0.5,0
