scenario,basic,r_diff,r_eff,contacts_med,contacts,traced_90_1,traced_90_2,above1,above5,reduction_raw,aboveX,r_effective,reduction,t_contacts,total_contacts100,total_contacts50,total_contacts10,wfh,limit_other,trace_p,app_cov,p_symptomaticA,prob_t_asymp,wfh_probC
isolation_manual_tracing_met_only,2.5629,1.5362,1.0267,21,35,1,114,0.2406,0.07,0.5993991181864294,24%,0.41,60%,21 (1-110),160000,32000,6300,0.5,18,0.95,0.53,0.6,0.5,0
isolation_manual_tracing_met_limit,2.57185,1.5883,0.98355,21,35,1,109,0.23375,0.0661,0.6175710091957152,23%,0.39,62%,21 (1-110),160000,32000,6300,0.5,18,0.95,0.53,0.6,0.5,0
cell_phone,2.61795,1.4289,1.18905,4,17,1,69,0.26245,0.0854,0.5458087434824959,26%,0.47,55%,4 (1-69),76000,15000,3100,0.5,18,0.95,0.53,0.6,0.5,0
cell_phone_met_limit,2.59545,1.485,1.11045,4,17,1,69,0.25515,0.07835,0.5721551176096631,26%,0.44,57%,4 (1-69),76000,15000,3100,0.5,18,0.95,0.53,0.6,0.5,0
