scenario,basic,r_diff,r_eff,contacts_med,contacts,traced_90_1,traced_90_2,above1,above5,reduction_raw,aboveX,r_effective,reduction,t_contacts,total_contacts100,total_contacts50,total_contacts10,wfh,limit_other,trace_p,app_cov,p_symptomaticA,prob_t_asymp,wfh_probC
isolation_manual_tracing_met_only,2.43045,1.49621,0.93424,21,35,1,113,0.2148,0.0629,0.6156102779320702,21%,0.36,62%,21 (1-110),160000,32000,6300,0.5,18,0.95,0.53,0.6,0.5,0
isolation_manual_tracing_met_limit,2.4062,1.48504,0.92116,21,34,1,109,0.2113,0.0622,0.6171723048790625,21%,0.36,62%,21 (1-110),150000,31000,6100,0.5,18,0.95,0.53,0.6,0.5,0
cell_phone,2.44095,1.36795,1.073,4,17,0,69,0.2358,0.07845,0.5604170507384421,24%,0.41,56%,4 (0-69),76000,15000,3100,0.5,18,0.95,0.53,0.6,0.5,0
cell_phone_met_limit,2.4666,1.40605,1.06055,4,17,1,70,0.2422,0.0752,0.5700356766399092,24%,0.4,57%,4 (1-70),76000,15000,3100,0.5,18,0.95,0.53,0.6,0.5,0
