scenario,basic,r_diff,r_eff,contacts_med,contacts,traced_90_1,traced_90_2,above1,above5,reduction_raw,aboveX,r_effective,reduction,t_contacts,total_contacts100,total_contacts50,total_contacts10,wfh,limit_other,trace_p,app_cov,p_symptomaticA,prob_t_asymp,wfh_probC
isolation_manual_tracing_met_only,2.4391,1.26173,1.17737,22,35,1,113,0.2688,0.08985,0.5172932639088188,27%,0.57,52%,22 (1-110),160000,32000,6300,0,32,0.95,0.53,0.6,0.5,0
isolation_manual_tracing_met_limit,2.4449,1.26283,1.18207,21,35,1,110,0.27295,0.09045,0.516516012924864,27%,0.57,52%,21 (1-110),160000,32000,6300,0,32,0.95,0.53,0.6,0.5,0
cell_phone,2.41,1.0252,1.3848,4,17,1,68,0.3082,0.1093,0.4253941908713693,31%,0.68,43%,4 (1-68),76000,15000,3100,0,32,0.95,0.53,0.6,0.5,0
cell_phone_met_limit,2.4312,1.05415,1.37705,4,17,1,69,0.3082,0.10945,0.4335924646265218,31%,0.67,43%,4 (1-69),76000,15000,3100,0,32,0.95,0.53,0.6,0.5,0
