scenario,basic,r_diff,r_eff,contacts_med,contacts,traced_90_1,traced_90_2,above1,above5,reduction_raw,aboveX,r_effective,reduction,t_contacts,total_contacts100,total_contacts50,total_contacts10,wfh,limit_other,trace_p,app_cov,p_symptomaticA,prob_t_asymp,wfh_probC
hh_work_only,1.95,0.914,1.036,15,29,0,105.75,0.29,0.09,0.4687179487179487,29%,0.55,47%,15 (0-110),130000,26000,5200,0,4,1,0.53,0.6,0.5,0
isolation_manual_tracing_met_only,3.18,1.524,1.656,29.5,49,1,136.3,0.38,0.14,0.47924528301886793,38%,0.54,48%,30 (1-140),220000,44000,8800,0,4,1,0.53,0.6,0.5,0
isolation_manual_tracing_met_limit,2.59,1.744,0.846,24,35,1,88.05,0.2,0.05,0.6733590733590733,20%,0.34,67%,24 (1-88),160000,32000,6300,0,4,1,0.53,0.6,0.5,0
isolation_manual_tracing,2.87,1.63,1.24,38,49,1,126.25,0.3,0.13,0.5679442508710801,30%,0.45,57%,38 (1-130),220000,44000,8800,0,4,1,0.53,0.6,0.5,0
