scenario,basic,r_diff,r_eff,contacts_med,contacts,traced_90_1,traced_90_2,above1,above5,reduction_raw,aboveX,r_effective,reduction,t_contacts,total_contacts100,total_contacts50,total_contacts10,wfh,limit_other,trace_p,app_cov,p_symptomaticA,prob_t_asymp,wfh_probC
hh_work_only,2.4096,1.03586,1.37374,9,20,1,71,0.31445,0.1104,0.4298887782204516,31%,0.78,43%,9 (1-71),90000,18000,3600,0,4,0.6000000000000001,0.53,0.6,0.5,0
isolation_manual_tracing_met_only,2.4509,1.12923,1.32167,14,23,1,73,0.3026,0.1054,0.46074095230323553,30%,0.74,46%,14 (1-73),100000,21000,4100,0,4,0.6000000000000001,0.53,0.6,0.5,0
isolation_manual_tracing_met_limit,2.4488,1.32939,1.11941,12,21,1,67.0499999999993,0.2596,0.0781,0.542874060764456,26%,0.63,54%,12 (1-67),95000,19000,3800,0,4,0.6000000000000001,0.53,0.6,0.5,0
isolation_manual_tracing,2.4476,1.18288,1.26472,19,30,1,92,0.2864,0.09875,0.4832815819578362,29%,0.71,48%,19 (1-92),140000,27000,5400,0,4,0.6000000000000001,0.53,0.6,0.5,0
