scenario,basic,r_diff,r_eff,contacts_med,contacts,traced_90_1,traced_90_2,above1,above5,reduction_raw,aboveX,r_effective,reduction,t_contacts,total_contacts100,total_contacts50,total_contacts10,wfh,limit_other,trace_p,app_cov,p_symptomaticA,prob_t_asymp,wfh_probC
isolation_manual_tracing_met_only,2.60715,1.34692,1.26023,21,35,1,113,0.29445,0.0948,0.5166254339029208,29%,0.61,52%,21 (1-110),160000,32000,6300,0,4,0.95,0.53,0.6,0.5,0
isolation_manual_tracing,2.57555,1.45896,1.11659,30,45,1,142,0.25615,0.085,0.5664654151540447,26%,0.55,57%,30 (1-140),200000,40000,8100,0,4,0.95,0.53,0.6,0.5,0
cell_phone,2.6051,1.11835,1.48675,4,17,1,70,0.3303,0.1169,0.42929254155310737,33%,0.72,43%,4 (1-70),76000,15000,3100,0,4,0.95,0.53,0.6,0.5,0
