scenario,basic,r_diff,r_eff,contacts_med,contacts,traced_90_1,traced_90_2,above1,above5,reduction_raw,aboveX,r_effective,reduction,t_contacts,total_contacts100,total_contacts50,total_contacts10,wfh,limit_other,trace_p,app_cov,p_symptomaticA,prob_t_asymp,wfh_probC
isolation_manual_tracing_met_only,3.23,2.164,1.066,24,44,1.95,153.7,0.26,0.08,0.669969040247678,26%,0.35,67%,24 (2-150),200000,40000,7900,0.5,100,0.95,0.53,0.6,0.5,0
isolation_manual_tracing_met_limit,2.26,1.222,1.038,21,35,1,81.4999999999999,0.19,0.05,0.5407079646017698,19%,0.49,54%,21 (1-81),160000,32000,6300,0.5,100,0.95,0.53,0.6,0.5,0
cell_phone,2.34,1.37,0.97,7,20,0.95,70.3999999999999,0.24,0.08,0.5854700854700854,24%,0.44,59%,7 (0.95-70),90000,18000,3600,0.5,100,0.95,0.53,0.6,0.5,0
cell_phone_met_limit,2.96,1.85,1.11,5,19,0,62.15,0.2,0.1,0.625,20%,0.4,62%,5 (0-62),86000,17000,3400,0.5,100,0.95,0.53,0.6,0.5,0
