scenario,basic,r_diff,r_eff,contacts_med,contacts,traced_90_1,traced_90_2,above1,above5,reduction_raw,aboveX,r_effective,reduction,t_contacts,total_contacts100,total_contacts50,total_contacts10,contactsR1,wfh,limit_other,trace_p,app_cov,p_symptomaticA,prob_t_asymp,wfh_probC,cc_risk
no_measures,2.5655,1.5491,1.0164,0,0,0,0,0.1991,0.0714,0.6038199181446112,20%,0.4,60%,0 (0-0),0,0,0,0,0.7000000000000001,4,0.2,0.53,0.7,0.5,0.6,0.06
hh_quaratine_only,2.5707,1.7568,0.8139,2,2.2,0,4,0.1614,0.0586,0.6833936281946551,16%,0.32,68%,2 (0-4),22000,5500,1100,74600,0.7000000000000001,4,0.2,0.53,0.7,0.5,0.6,0.06
isolation_manual_tracing,2.6067,1.83704,0.76966,8,11,1,32,0.1524,0.0514,0.7047377910768404,15%,0.3,70%,8 (1-32),110000,28000,5500,373000,0.7000000000000001,4,0.2,0.53,0.7,0.5,0.6,0.06
