scenario,basic,r_diff,r_eff,contacts_med,contacts,traced_90_1,traced_90_2,above1,above5,reduction_raw,aboveX,r_effective,reduction,t_contacts,total_contacts100,total_contacts50,total_contacts10,contactsR1,wfh,limit_other,trace_p,app_cov,p_symptomaticA,prob_t_asymp,wfh_probC,cc_risk
no_measures,2.6036,0.7474,1.8562,0,0,0,0,0.3631,0.1661,0.2870640651405746,36%,1.3,29%,0 (0-0),0,0,0,0,0.30000000000000004,4,0.35,0.53,0.7,0.5,0.6,0.06
hh_quaratine_only,2.6368,1.18072,1.45608,2,2.1,0,4,0.2956,0.1234,0.44778519417475726,30%,1,45%,2 (0-4),21000,5200,1000,71200,0.30000000000000004,4,0.35,0.53,0.7,0.5,0.6,0.06
isolation_manual_tracing,2.579,1.21536,1.36364,12,18,1,53,0.2927,0.1109,0.47125242341993023,29%,0.98,47%,12 (1-53),180000,45000,9000,610000,0.30000000000000004,4,0.35,0.53,0.7,0.5,0.6,0.06
