scenario,basic,r_diff,r_eff,contacts_med,contacts,traced_90_1,traced_90_2,above1,above5,reduction_raw,aboveX,r_effective,reduction,t_contacts,total_contacts100,total_contacts50,total_contacts10,wfh,limit_other,trace_p,app_cov,p_symptomaticA,prob_t_asymp,wfh_probC
isolation_manual_tracing_met_only,2.41515,1.34652,1.06863,21,35,1,111,0.2502,0.07595,0.557530588162226,25%,0.47,56%,21 (1-110),160000,32000,6300,0.2,4,0.95,0.53,0.6,0.5,0
isolation_manual_tracing,2.44605,1.50304,0.94301,29,45,1,143,0.21295,0.0689,0.6144764007277039,21%,0.41,61%,29 (1-140),200000,40000,8100,0.2,4,0.95,0.53,0.6,0.5,0
cell_phone,2.40505,1.1638,1.24125,4,17,1,70,0.2771,0.0961,0.4838984636494045,28%,0.55,48%,4 (1-70),76000,15000,3100,0.2,4,0.95,0.53,0.6,0.5,0
