scenario,basic,r_diff,r_eff,contacts_med,contacts,traced_90_1,traced_90_2,above1,above5,reduction_raw,aboveX,r_effective,reduction,t_contacts,total_contacts100,total_contacts50,total_contacts10,wfh,limit_other,trace_p,app_cov,p_symptomaticA,prob_t_asymp,wfh_probC
isolation_manual_tracing_met_only,2.6137,1.59865,1.01505,21,35,1,113,0.2353,0.06995,0.6116424991391514,24%,0.39,61%,21 (1-110),160000,32000,6300,0.5,2,0.95,0.53,0.6,0.5,0
isolation_manual_tracing_met_limit,2.6162,1.86921,0.74699,15,30,1,104,0.16695,0.0406,0.714475193028056,17%,0.29,71%,15 (1-100),140000,27000,5400,0.5,2,0.95,0.53,0.6,0.5,0
cell_phone,2.57845,1.4428,1.13565,4,17,1,71,0.2584,0.08165,0.5595609765556826,26%,0.45,56%,4 (1-71),76000,15000,3100,0.5,2,0.95,0.53,0.6,0.5,0
cell_phone_met_limit,2.56955,1.71315,0.8564,4,13,1,49,0.18635,0.04965,0.6667120702068455,19%,0.34,67%,4 (1-49),59000,12000,2300,0.5,2,0.95,0.53,0.6,0.5,0
