scenario,basic,r_diff,r_eff,contacts_med,contacts,traced_90_1,traced_90_2,above1,above5,reduction_raw,aboveX,r_effective,reduction,t_contacts,total_contacts100,total_contacts50,total_contacts10,wfh,limit_other,trace_p,app_cov,p_symptomaticA,prob_t_asymp,wfh_probC
isolation_manual_tracing_met_only,2.60325,1.6077,0.99555,21,35,1,114,0.23505,0.0668,0.617574186113512,24%,0.38,62%,21 (1-110),160000,32000,6300,0.5,100,0.95,0.53,0.6,0.5,0
isolation_manual_tracing_met_limit,2.6046,1.58272,1.02188,22,36,1,114,0.24245,0.07085,0.6076633648160946,24%,0.39,61%,22 (1-110),160000,32000,6500,0.5,100,0.95,0.53,0.6,0.5,0
cell_phone,2.58805,1.4602,1.12785,4,17,0,69,0.2548,0.07855,0.564208574022913,25%,0.43,56%,4 (0-69),76000,15000,3100,0.5,100,0.95,0.53,0.6,0.5,0
cell_phone_met_limit,2.64035,1.4866,1.15375,4,17,1,71,0.25525,0.0844,0.5630314162895071,26%,0.44,56%,4 (1-71),76000,15000,3100,0.5,100,0.95,0.53,0.6,0.5,0
