scenario,basic,r_diff,r_eff,contacts_med,contacts,traced_90_1,traced_90_2,above1,above5,reduction_raw,aboveX,r_effective,reduction,t_contacts,total_contacts100,total_contacts50,total_contacts10,contactsR1,wfh,limit_other,trace_p,app_cov,p_symptomaticA,prob_t_asymp,wfh_probC,cc_risk
no_measures,2.4388,0.1264,2.3124,0,0,0,0,0.4604,0.2183,0.051828768246678814,46%,2.2,5.2%,0 (0-0),0,0,0,0,0,4,0.8,0.53,0.7,0.5,0.6,0.056999999999999995
hh_quaratine_only,2.501,0.60758,1.89342,2,2.1,0,4,0.3851,0.1643,0.24293482606957206,39%,1.8,24%,2 (0-4),21000,5200,1000,71200,0,4,0.8,0.53,0.7,0.5,0.6,0.056999999999999995
isolation_manual_tracing,2.3965,0.85342,1.54308,25,38,1,116,0.3309,0.132,0.35611099520133527,33%,1.5,36%,25 (1-120),380000,95000,19000,1290000,0,4,0.8,0.53,0.7,0.5,0.6,0.056999999999999995
