scenario,basic,r_diff,r_eff,contacts_med,contacts,traced_90_1,traced_90_2,above1,above5,reduction_raw,aboveX,r_effective,reduction,t_contacts,total_contacts100,total_contacts50,total_contacts10,wfh,limit_other,trace_p,app_cov,prob_symp,prob_t_asymp
isolation_manual_tracing_met_only,2.58535,1.49235,1.093,22,36,1,113,0.24345,0.08085,0.5772332566190265,24%,0.462,58%,22 (1-110),650,320,160,0,10,0.95,0.53,0.6,0.5
isolation_manual_tracing_met_limit,2.5752,1.56955,1.00565,21,34,1,108,0.23185,0.06745,0.6094866418142281,23%,0.427,61%,21 (1-110),610,310,150,0,10,0.95,0.53,0.6,0.5
cell_phone,2.5912,1.15635,1.43485,4,15,0,57,0.31915,0.1179,0.44626041988267984,32%,0.605,45%,4 (0-57),270,140,68,0,10,0.95,0.53,0.6,0.5
cell_phone_met_limit,2.602,1.23795,1.36405,5,14,0,52,0.3123,0.1081,0.4757686395080707,31%,0.573,48%,5 (0-52),250,130,63,0,10,0.95,0.53,0.6,0.5
