scenario,basic,r_diff,r_eff,contacts,reduction_raw,r_effective,reduction,t_contacts,total_contacts100,total_contacts50,total_contacts10,wfh,limit_other,trace_p,app_cov,prob_symp,prob_t_asymp
isolation_manual_tracing_met_only,2.826,1.681,1.145,40,0.5948336871903751,0.46,59 %,40,3600,1800,360,0.30000000000000004,4,0.95,0.53,0.6,0.5
isolation_manual_tracing,2.499,1.602,0.897,43,0.6410564225690276,0.41,64 %,43,3870,1940,387,0.30000000000000004,4,0.95,0.53,0.6,0.5
cell_phone,2.445,1.231,1.214,15,0.5034764826175868,0.57,50 %,15,1350,675,135,0.30000000000000004,4,0.95,0.53,0.6,0.5
