scenario,basic,r_diff,r_eff,contacts_med,contacts,traced_90_1,traced_90_2,above1,above5,reduction_raw,aboveX,r_effective,reduction,t_contacts,total_contacts100,total_contacts50,total_contacts10,contactsR1,wfh,limit_other,trace_p,app_cov,p_symptomaticA,prob_t_asymp,wfh_probC,cc_risk
no_measures,2.461,1.2316,1.2294,0,0,0,0,0.2433,0.0937,0.5004469727752945,24%,0.61,50%,0 (0-0),0,0,0,0,0.6000000000000001,4,0.8,0.53,0.7,0.5,0.6,0.056999999999999995
hh_quaratine_only,2.4733,1.52714,0.94616,2,2.1,0,4,0.1923,0.0687,0.6174503699510775,19%,0.47,62%,2 (0-4),21000,5200,1000,71200,0.6000000000000001,4,0.8,0.53,0.7,0.5,0.6,0.056999999999999995
isolation_manual_tracing,2.5145,1.65718,0.85732,25,39,1,125,0.1702,0.0584,0.6590495128256115,17%,0.42,66%,25 (1-120),390000,98000,20000,1320000,0.6000000000000001,4,0.8,0.53,0.7,0.5,0.6,0.056999999999999995
