scenario,basic,r_diff,r_eff,contacts_med,contacts,traced_90_1,traced_90_2,above1,above5,reduction_raw,aboveX,r_effective,reduction,t_contacts,total_contacts100,total_contacts50,total_contacts10,contactsR1,wfh,limit_other,trace_p,app_cov,p_symptomaticA,prob_t_asymp,wfh_probC,cc_risk
no_measures,2.451,0.2921,2.1589,0,0,0,0,0.4264,0.1951,0.11917584659322722,43%,1.9,12%,0 (0-0),0,0,0,0,0.1,4,0.8,0.53,0.7,0.5,0.6,0.056999999999999995
hh_quaratine_only,2.4766,0.76994,1.70666,2,2.2,0,4,0.3507,0.1476,0.31088589194863925,35%,1.5,31%,2 (0-4),22000,5500,1100,74600,0.1,4,0.8,0.53,0.7,0.5,0.6,0.056999999999999995
isolation_manual_tracing,2.444,0.97156,1.47244,25,39,1,120,0.3071,0.1229,0.3975286415711947,31%,1.3,40%,25 (1-120),390000,98000,20000,1320000,0.1,4,0.8,0.53,0.7,0.5,0.6,0.056999999999999995
