scenario,basic,r_diff,r_eff,contacts_med,contacts,traced_90_1,traced_90_2,above1,above5,reduction_raw,aboveX,r_effective,reduction,t_contacts,total_contacts100,total_contacts50,total_contacts10,contactsR1,wfh,limit_other,trace_p,app_cov,p_symptomaticA,prob_t_asymp,wfh_probC,cc_risk
no_measures,2.4664,0.6852,1.7812,0,0,0,0,0.3543,0.1544,0.2778138177100228,35%,1.3,28%,0 (0-0),0,0,0,0,0.30000000000000004,4,0.35,0.53,0.7,0.5,0.6,0.056999999999999995
hh_quaratine_only,2.4396,1.086,1.3536,2,2.1,0,4,0.2784,0.1101,0.4451549434333497,28%,0.99,45%,2 (0-4),21000,5200,1000,71200,0.30000000000000004,4,0.35,0.53,0.7,0.5,0.6,0.056999999999999995
isolation_manual_tracing,2.5009,1.15484,1.34606,12,18,1,55,0.2766,0.1061,0.4617697628853613,28%,0.96,46%,12 (1-55),180000,45000,9000,610000,0.30000000000000004,4,0.35,0.53,0.7,0.5,0.6,0.056999999999999995
