scenario,basic,r_diff,r_eff,contacts_med,contacts,traced_90_1,traced_90_2,above1,above5,reduction_raw,aboveX,r_effective,reduction,t_contacts,total_contacts100,total_contacts50,total_contacts10,contactsR1,wfh,limit_other,trace_p,app_cov,p_symptomaticA,prob_t_asymp,wfh_probC,cc_risk
no_measures,1.4411,0.6483,0.7928,0,0,0,0,0.1702,0.0409,0.44986468669766155,17%,0.44,45%,0 (0-0),0,0,0,0,0.6000000000000001,4,0.35,0.53,0.7,0.5,0.6,0.03
hh_quaratine_only,1.468,0.85386,0.61414,2,2.1,0,4,0.13,0.0291,0.5816485013623978,13%,0.33,58%,2 (0-4),21000,5200,1000,71200,0.6000000000000001,4,0.35,0.53,0.7,0.5,0.6,0.03
isolation_manual_tracing,1.4707,0.87076,0.59994,12,18,1,54,0.1273,0.028,0.5920718025430067,13%,0.32,59%,12 (1-54),180000,45000,9000,610000,0.6000000000000001,4,0.35,0.53,0.7,0.5,0.6,0.03
