scenario,basic,r_diff,r_eff,contacts_med,contacts,traced_90_1,traced_90_2,above1,above5,reduction_raw,aboveX,r_effective,reduction,t_contacts,total_contacts100,total_contacts50,total_contacts10,contactsR1,wfh,limit_other,trace_p,app_cov,p_symptomaticA,prob_t_asymp,wfh_probC
hh_work_only,2.57012,1.358096,1.212024,13,28,1,103,0.27652,0.09464,0.5284173501626384,28%,0.57,53%,13 (1-100),500000,130000,25000,1710000,0,4,0.9,0.53,0.7,0.5,0
isolation_manual_tracing_met_only,2.57732,1.44368,1.13364,20,34,1,108.049999999999,0.26328,0.08408,0.5601477503763599,26%,0.53,56%,20 (1-110),610000,150000,31000,2080000,0,4,0.9,0.53,0.7,0.5,0
isolation_manual_tracing_met_limit,2.57292,1.600832,0.972088,16,30,1,100,0.22368,0.06352,0.6221849105296706,22%,0.46,62%,16 (1-100),540000,140000,27000,1830000,0,4,0.9,0.53,0.7,0.5,0
isolation_manual_tracing,2.63056,1.633816,0.996744,28,44,1,137,0.22232,0.07392,0.6210905662672587,22%,0.46,62%,28 (1-140),790000,200000,40000,2690000,0,4,0.9,0.53,0.7,0.5,0
