scenario,basic,r_diff,r_eff,contacts_med,contacts,traced_90_1,traced_90_2,above1,above5,reduction_raw,aboveX,r_effective,reduction,t_contacts,total_contacts100,total_contacts50,total_contacts10,wfh,limit_other,trace_p,app_cov,prob_symp,prob_t_asymp
isolation_manual_tracing_met_only,2.5781,1.70265,0.87545,22,36,1,117,0.19285,0.0589,0.6604282223342772,19%,0.297,66%,22 (1-120),650,320,160,0.5,1,0.95,0.53,0.6,0.5
isolation_manual_tracing_met_limit,2.57865,2.0362,0.54245,14,29,1,101,0.10855,0.02905,0.7896379888701452,11%,0.184,79%,14 (1-100),520,260,130,0.5,1,0.95,0.53,0.6,0.5
cell_phone,2.59295,1.49475,1.0982,4,15,0,58,0.24695,0.0813,0.5764669584835804,25%,0.371,58%,4 (0-58),270,140,68,0.5,1,0.95,0.53,0.6,0.5
cell_phone_met_limit,2.59625,1.87,0.72625,4,11,0,43,0.15305,0.04735,0.7202696196437168,15%,0.245,72%,4 (0-43),200,99,50,0.5,1,0.95,0.53,0.6,0.5
