scenario,basic,r_diff,r_eff,contacts_med,contacts,traced_90_1,traced_90_2,above1,above5,reduction_raw,aboveX,r_effective,reduction,t_contacts,total_contacts100,total_contacts50,total_contacts10,wfh,limit_other,trace_p,app_cov,prob_symp,prob_t_asymp
isolation_manual_tracing_met_only,2.57355,1.45915,1.1144,21,35,1,112,0.24335,0.08415,0.5669794641642867,24%,0.483,57%,21 (1-110),630,320,160,0,2,0.95,0.53,0.6,0.5
isolation_manual_tracing_met_limit,2.56785,1.7351,0.83275,15,30,1,102,0.1797,0.0542,0.6757014623128298,18%,0.361,68%,15 (1-100),540,270,140,0,2,0.95,0.53,0.6,0.5
cell_phone,2.59195,1.1714,1.42055,5,15,0,57,0.3109,0.1183,0.45193773028029094,31%,0.611,45%,5 (0-57),270,140,68,0,2,0.95,0.53,0.6,0.5
cell_phone_met_limit,2.57455,1.4392,1.13535,4,12,0,44,0.24625,0.0808,0.5590103124817929,25%,0.491,56%,4 (0-44),220,110,54,0,2,0.95,0.53,0.6,0.5
