scenario,basic,r_diff,r_eff,contacts_med,contacts,traced_90_1,traced_90_2,above1,above5,reduction_raw,aboveX,r_effective,reduction,t_contacts,total_contacts100,total_contacts50,total_contacts10,wfh,limit_other,trace_p,app_cov,p_symptomaticA,prob_t_asymp,wfh_probC
hh_work_only,2.15,0.754,1.396,6,17,1,60.4,0.31,0.11,0.35069767441860467,31%,0.91,35%,6 (1-60),76000,15000,3100,0,4,0.6000000000000001,0.53,0.6,0.5,0
isolation_manual_tracing_met_only,2.6,1.154,1.446,15.5,22,1,54.4,0.31,0.11,0.4438461538461539,31%,0.78,44%,16 (1-54),99000,20000,4000,0,4,0.6000000000000001,0.53,0.6,0.5,0
isolation_manual_tracing_met_limit,2.57,1.536,1.034,12,21,1,63.05,0.24,0.08,0.5976653696498054,24%,0.56,60%,12 (1-63),95000,19000,3800,0,4,0.6000000000000001,0.53,0.6,0.5,0
isolation_manual_tracing,2.63,1.272,1.358,17.5,33,2,108.05,0.3,0.12,0.4836501901140684,30%,0.72,48%,18 (2-110),150000,30000,5900,0,4,0.6000000000000001,0.53,0.6,0.5,0
