scenario,basic,r_diff,r_eff,contacts_med,contacts,traced_90_1,traced_90_2,above1,above5,reduction_raw,aboveX,r_effective,reduction,t_contacts,total_contacts100,total_contacts50,total_contacts10,wfh,limit_other,trace_p,app_cov,p_symptomaticA,prob_t_asymp,wfh_probC
isolation_manual_tracing_met_only,2.5618,1.44852,1.11328,21,35,1,111,0.26035,0.081,0.5654305566398625,26%,0.48,57%,21 (1-110),160000,32000,6300,0.30000000000000004,4,0.95,0.53,0.6,0.5,0
isolation_manual_tracing,2.61495,1.61657,0.99838,29,46,1,144,0.2239,0.06975,0.6182030249144344,22%,0.43,62%,29 (1-140),210000,41000,8300,0.30000000000000004,4,0.95,0.53,0.6,0.5,0
cell_phone,2.64695,1.34755,1.2994,4,18,0,71,0.2884,0.0994,0.5090953739209279,29%,0.55,51%,4 (0-71),81000,16000,3200,0.30000000000000004,4,0.95,0.53,0.6,0.5,0
