scenario,basic,r_diff,r_eff,contacts_med,contacts,traced_90_1,traced_90_2,above1,above5,reduction_raw,aboveX,r_effective,reduction,t_contacts,total_contacts100,total_contacts50,total_contacts10,wfh,limit_other,trace_p,app_cov,p_symptomaticA,prob_t_asymp,wfh_probC
isolation_manual_tracing_met_only,2.42875,1.30753,1.12122,21,35,1,112,0.25595,0.0819,0.5383551209469891,26%,0.52,54%,21 (1-110),160000,32000,6300,0.1,4,0.95,0.53,0.6,0.5,0
isolation_manual_tracing,2.44515,1.45735,0.9878,30,46,1,141,0.2228,0.0734,0.5960166042983048,22%,0.45,60%,30 (1-140),210000,41000,8300,0.1,4,0.95,0.53,0.6,0.5,0
cell_phone,2.41505,1.10025,1.3148,4,17,1,68,0.29415,0.1021,0.4555806298006252,29%,0.61,46%,4 (1-68),76000,15000,3100,0.1,4,0.95,0.53,0.6,0.5,0
