scenario,basic,r_diff,r_eff,contacts_med,contacts,traced_90_1,traced_90_2,above1,above5,reduction_raw,aboveX,r_effective,reduction,t_contacts,total_contacts100,total_contacts50,total_contacts10,wfh,limit_other,trace_p,app_cov,p_symptomaticA,prob_t_asymp,wfh_probC
isolation_manual_tracing_met_only,3.16,1.938,1.222,23.5,49,2,211.65,0.27,0.08,0.6132911392405064,27%,0.47,61%,24 (2-210),220000,44000,8800,0.5,6,0.95,0.53,0.6,0.5,0
isolation_manual_tracing_met_limit,3.17,2.392,0.778,21,37,2.95,96.4499999999999,0.22,0.05,0.7545741324921136,22%,0.3,75%,21 (3-96),170000,33000,6700,0.5,6,0.95,0.53,0.6,0.5,0
cell_phone,2.24,1.22,1.02,4,14,0.95,50.15,0.25,0.06,0.5446428571428572,25%,0.56,54%,4 (0.95-50),63000,13000,2500,0.5,6,0.95,0.53,0.6,0.5,0
cell_phone_met_limit,2.31,1.25,1.06,3,13,0.95,44.8999999999999,0.21,0.11,0.5411255411255411,21%,0.56,54%,3 (0.95-45),59000,12000,2300,0.5,6,0.95,0.53,0.6,0.5,0
