scenario,basic,r_diff,r_eff,contacts_med,contacts,traced_90_1,traced_90_2,above1,above5,reduction_raw,aboveX,r_effective,reduction,t_contacts,total_contacts100,total_contacts50,total_contacts10,contactsR1,wfh,limit_other,trace_p,app_cov,p_symptomaticA,prob_t_asymp,wfh_probC,cc_risk
no_measures,2.4311,1.6383,0.7928,0,0,0,0,0.1466,0.0452,0.6738924766566574,15%,0.26,67%,0 (0-0),0,0,0,0,0.8,4,0.8,0.53,0.7,0.5,0.6,0.056999999999999995
hh_quaratine_only,2.5126,1.8775,0.6351,2,2.1,0,4,0.1218,0.0372,0.747233940937674,12%,0.2,75%,2 (0-4),21000,5200,1000,71200,0.8,4,0.8,0.53,0.7,0.5,0.6,0.056999999999999995
isolation_manual_tracing,2.4426,1.86282,0.57978,25,38,1,120,0.1098,0.0312,0.7626381724392042,11%,0.19,76%,25 (1-120),380000,95000,19000,1290000,0.8,4,0.8,0.53,0.7,0.5,0.6,0.056999999999999995
