scenario,basic,r_diff,r_eff,contacts_med,contacts,traced_90_1,traced_90_2,above1,above5,reduction_raw,aboveX,r_effective,reduction,t_contacts,total_contacts100,total_contacts50,total_contacts10,wfh,limit_other,trace_p,app_cov,p_symptomaticA,prob_t_asymp,wfh_probC
hh_work_only,2.4383,0.8622,1.5761,3,5.1,1,14,0.3494,0.13395,0.35360702128532173,35%,1,35%,3 (1-14),23000,4600,920,0,4,0.1,0.53,0.6,0.5,0
isolation_manual_tracing_met_only,2.45175,0.86657,1.58518,4,5.7,1,15,0.34435,0.13355,0.3534495768328745,34%,1,35%,4 (1-15),26000,5100,1000,0,4,0.1,0.53,0.6,0.5,0
isolation_manual_tracing_met_limit,2.3974,1.08293,1.31447,4,5.2,1,14,0.30305,0.0987,0.4517101860348711,30%,0.86,45%,4 (1-14),23000,4700,940,0,4,0.1,0.53,0.6,0.5,0
isolation_manual_tracing,2.4533,0.89887,1.55443,5,6.7,1,18,0.34465,0.1304,0.366392206415848,34%,1,37%,5 (1-18),30000,6000,1200,0,4,0.1,0.53,0.6,0.5,0
