scenario,basic,r_diff,r_eff,contacts_med,contacts,traced_90_1,traced_90_2,above1,above5,reduction_raw,aboveX,r_effective,reduction,t_contacts,total_contacts100,total_contacts50,total_contacts10,wfh,limit_other,trace_p,app_cov,p_symptomaticA,prob_t_asymp,wfh_probC
hh_work_only,2.37,1.15,1.22,12.5,31,0,117.8,0.32,0.11,0.4852320675105486,32%,0.63,49%,12 (0-120),140000,28000,5600,0,4,0.8,0.53,0.6,0.5,0
isolation_manual_tracing_met_only,3.08,1.682,1.398,22,34,2,104.25,0.37,0.08,0.5461038961038962,37%,0.55,55%,22 (2-100),150000,31000,6100,0,4,0.8,0.53,0.6,0.5,0
isolation_manual_tracing_met_limit,1.59,0.818,0.772,13,20,1,55.15,0.19,0.05,0.5144654088050314,19%,0.59,51%,13 (1-55),90000,18000,3600,0,4,0.8,0.53,0.6,0.5,0
isolation_manual_tracing,2.76,1.576,1.184,30.5,40,0.95,119.4,0.24,0.13,0.5710144927536231,24%,0.52,57%,30 (0.95-120),180000,36000,7200,0,4,0.8,0.53,0.6,0.5,0
