scenario,basic,r_diff,r_eff,contacts_med,contacts,traced_90_1,traced_90_2,above1,above5,reduction_raw,aboveX,r_effective,reduction,t_contacts,total_contacts100,total_contacts50,total_contacts10,wfh,limit_other,trace_p,app_cov,p_symptomaticA,prob_t_asymp,wfh_probC
isolation_manual_tracing_met_only,2.4507,1.27441,1.17629,21,35,1,115,0.2716,0.0885,0.5200187701473048,27%,0.56,52%,21 (1-120),160000,32000,6300,0,3,0.95,0.53,0.6,0.5,0
isolation_manual_tracing_met_limit,2.42505,1.48893,0.93612,16,30,1,104,0.2155,0.0595,0.613979093214573,22%,0.45,61%,16 (1-100),140000,27000,5400,0,3,0.95,0.53,0.6,0.5,0
cell_phone,2.457,1.03395,1.42305,4,17,1,69,0.31335,0.116,0.42081807081807077,31%,0.68,42%,4 (1-69),76000,15000,3100,0,3,0.95,0.53,0.6,0.5,0
cell_phone_met_limit,2.45425,1.2856,1.16865,4,14,1,51,0.2558,0.08255,0.52382601609453,26%,0.56,52%,4 (1-51),63000,13000,2500,0,3,0.95,0.53,0.6,0.5,0
