scenario,basic,r_diff,r_eff,contacts_med,contacts,traced_90_1,traced_90_2,above1,above5,reduction_raw,aboveX,r_effective,reduction,t_contacts,total_contacts100,total_contacts50,total_contacts10,wfh,limit_other,trace_p,app_cov,prob_symp,prob_t_asymp
isolation_manual_tracing_met_only,2.5627,1.5516,1.0111,22,35,1,114,0.22425,0.0738,0.6054551839856401,22%,0.399,61%,22 (1-110),630,320,160,0.2,4,0.95,0.53,0.6,0.5
isolation_manual_tracing,2.58755,1.69515,0.8924,28,43,1,131.049999999999,0.1971,0.0656,0.6551177755019226,20%,0.349,66%,28 (1-130),770,390,190,0.2,4,0.95,0.53,0.6,0.5
cell_phone,2.59935,1.29945,1.2999,4,14,0,57,0.286,0.10165,0.49991343989843606,29%,0.506,50%,4 (0-57),250,130,63,0.2,4,0.95,0.53,0.6,0.5
