scenario,basic,r_diff,r_eff,contacts_med,contacts,traced_90_1,traced_90_2,above1,above5,reduction_raw,aboveX,r_effective,reduction,t_contacts,total_contacts100,total_contacts50,total_contacts10,contactsR1,wfh,limit_other,trace_p,app_cov,p_symptomaticA,prob_t_asymp,wfh_probC,cc_risk
no_measures,2.4904,0.4964,1.994,0,0,0,0,0.3914,0.1731,0.19932540957275946,39%,1.6,20%,0 (0-0),0,0,0,0,0.2,4,0.35,0.53,0.7,0.5,0.6,0.056999999999999995
hh_quaratine_only,2.4586,0.90606,1.55254,2,2.1,0,4,0.3212,0.1292,0.36852680387212233,32%,1.3,37%,2 (0-4),21000,5200,1000,71200,0.2,4,0.35,0.53,0.7,0.5,0.6,0.056999999999999995
isolation_manual_tracing,2.5126,0.99272,1.51988,12,19,1,55,0.3138,0.128,0.395096712568654,31%,1.2,40%,12 (1-55),190000,48000,9500,644000,0.2,4,0.35,0.53,0.7,0.5,0.6,0.056999999999999995
