scenario,basic,r_diff,r_eff,contacts_med,contacts,traced_90_1,traced_90_2,above1,above5,reduction_raw,aboveX,r_effective,reduction,t_contacts,total_contacts100,total_contacts50,total_contacts10,wfh,limit_other,trace_p,app_cov,p_symptomaticA,prob_t_asymp,wfh_probC
isolation_manual_tracing_met_only,2.6327,1.41378,1.21892,22,35,1,113,0.2868,0.09155,0.5370076347475975,29%,0.56,54%,22 (1-110),160000,32000,6300,0.1,4,0.95,0.53,0.6,0.5,0
isolation_manual_tracing,2.5981,1.55107,1.04703,29,45,1,142,0.24335,0.076550000000000007,0.5970016550556176,24%,0.49,60%,29 (1-140),200000,40000,8100,0.1,4,0.95,0.53,0.6,0.5,0
cell_phone,2.57475,1.1627,1.41205,4,17,1,70,0.3136,0.11025,0.45157782308962036,31%,0.67,45%,4 (1-70),76000,15000,3100,0.1,4,0.95,0.53,0.6,0.5,0
