scenario,basic,non_infected_traced,r_diff,r_eff,contacts_med,contacts,traced_90_1,traced_90_2,above1,above5,reduction_raw,aboveX,r_effective,reduction,t_contacts,total_contacts100,total_contacts50,total_contacts10,contacts1,contactsR1,contacts4,contactsR4,wfh,limit_other,trace_p,app_cov,prob_symp,prob_t_asymp,nonCOVID_day,COVID_day1,COVID_day2
isolation_only,2.7586,-2.325,0.4336,2.325,0,0,0,0,0.4482,0.2142,0.1571811788588413,45%,2,16%,0 (0-0),0,0,0,0,0,0,0,0,4,0.95,0.53,0.8,0.2,-315367.65,-2325,-9300
hh_quaratine_only,2.7156,0.1147,0.505028,2.210572,2,2.4,0,7,0.4459,0.215,0.18597289733392242,45%,1.9,19%,2 (0-7),26,13,6.5,1300,176000,5180,181000,0,4,0.95,0.53,0.8,0.2,15558.1374,114.7,458.8
isolation_manual_tracing_met_only,2.6812,33.3285,0.912588,1.768612,22,36,1,113,0.3938,0.16,0.3403655079815008,39%,1.5,34%,22 (1-110),390,190,97,19400,2640000,77800,2710000,0,4,0.95,0.53,0.8,0.2,4520744.397,33328.5,133314
isolation_manual_tracing,2.663,40.3102,0.972112,1.690888,28,43,1,131,0.357,0.1517,0.3650439354111904,36%,1.5,37%,28 (1-130),460,230,120,23200,3150000,92900,3240000,0,4,0.95,0.53,0.8,0.2,5467756.1484,40310.200000000004,161240.80000000002
cell_phone,2.6622,12.292,0.677244,1.984956,5,15,0,57,0.427,0.1894,0.2543926076177597,43%,1.7,25%,5 (0-57),160,81,40,8100,1100000,32400,1130000,0,4,0.95,0.53,0.8,0.2,1667311.464,12292,49168
