scenario,basic,non_infected_traced,r_diff,r_eff,contacts_med,contacts,traced_90_1,traced_90_2,above1,above5,reduction_raw,aboveX,r_effective,reduction,t_contacts,total_contacts100,total_contacts50,total_contacts10,contacts1,contactsR1,contacts4,contactsR4,wfh,limit_other,trace_p,app_cov,prob_symp,prob_t_asymp,nonCOVID_day,COVID_day1,COVID_day2
isolation_only,2.7549,-2.3229,0.432,2.3229,0,0,0,0,0.4488,0.2146,0.15681149950996398,45%,2,16%,0 (0-0),0,0,0,0,0,0,0,0,4,0.95,0.53,0.8,0.2,-315082.8018,-2322.9,-9291.6
hh_quaratine_only,2.7184,0.1255,0.489304,2.229096,2,2.4,0,7,0.4465,0.2141,0.1799970570924072,45%,1.9,18%,2 (0-7),26,13,6.5,1300,176000,5180,181000,0,4,0.95,0.53,0.8,0.2,17023.071,125.5,502
isolation_manual_tracing_met_only,2.7828,33.9307,0.7758792,2.0069208,22,36,1,117,0.4387,0.1949,0.2788124191461837,44%,1.7,28%,22 (1-120),390,190,97,19400,2640000,77800,2710000,0,4,0.95,0.53,0.8,0.2,4602428.0094,33930.700000000004,135722.80000000002
isolation_manual_tracing,2.6947,40.4454,0.7966416,1.8980584,28,43,1,131,0.4267,0.1745,0.2956327606041489,43%,1.6,30%,28 (1-130),460,230,120,23200,3150000,92900,3240000,0,4,0.95,0.53,0.8,0.2,5486094.9468,40445.4,161781.6
cell_phone,2.7123,12.7888,0.4776944,2.2346056,5,15,0,61,0.4566,0.219,0.17612152048077268,46%,1.9,18%,5 (0-61),160,81,40,8100,1100000,32400,1130000,0,4,0.95,0.53,0.8,0.2,1734698.4096000001,12788.8,51155.2
