scenario,basic,non_infected_traced,r_diff,r_eff,contacts_med,contacts,traced_90_1,traced_90_2,above1,above5,reduction_raw,aboveX,r_effective,reduction,t_contacts,total_contacts100,total_contacts50,total_contacts10,contacts1,contactsR1,contacts4,contactsR4,wfh,limit_other,trace_p,app_cov,prob_symp,prob_t_asymp,nonCOVID_day,COVID_day1,COVID_day2
isolation_only,2.7128,-2.3263,0.3865,2.3263,0,0,0,0,0.4481,0.2173,0.14247272191094085,45%,2,14%,0 (0-0),0,0,0,0,0,0,0,0,4,0.95,0.53,0.8,0.2,-315543.98459999997,-2326.2999999999997,-9305.199999999999
hh_quaratine_only,2.7164,0.1032,0.51358,2.20282,2,2.4,0,7,0.4415,0.2137,0.18906641142688863,44%,1.9,19%,2 (0-7),26,13,6.5,1300,176000,5180,181000,0,4,0.95,0.53,0.8,0.2,13998.2544,103.2,412.8
isolation_manual_tracing_met_only,2.7363,32.9832,0.934132,1.802168,22,35,1,115,0.3904,0.1669,0.34138508204509743,39%,1.5,34%,22 (1-120),380,190,94,18900,2560000,75600,2640000,0,4,0.95,0.53,0.8,0.2,4473907.2144,32983.2,131932.8
isolation_manual_tracing,2.6905,40.4933,1.036688,1.653812,28,43,1,132,0.3576,0.1446,0.3853142538561606,36%,1.4,39%,28 (1-130),460,230,120,23200,3150000,92900,3240000,0,4,0.95,0.53,0.8,0.2,5492592.1986,40493.299999999996,161973.19999999998
cell_phone,2.6686,11.8677,0.712156,1.956444,5,14,0,56,0.4117,0.1849,0.2668650228584276,41%,1.7,27%,5 (0-56),150,76,38,7560,1030000,30200,1060000,0,4,0.95,0.53,0.8,0.2,1609758.5633999999,11867.699999999999,47470.799999999996
