scenario,basic,non_infected_traced,r_diff,r_eff,contacts_med,contacts,traced_90_1,traced_90_2,above1,above5,reduction_raw,aboveX,r_effective,reduction,t_contacts,total_contacts100,total_contacts50,total_contacts10,contacts1,contactsR1,contacts4,contactsR4,wfh,limit_other,trace_p,app_cov,prob_symp,prob_t_asymp,nonCOVID_day,COVID_day1,COVID_day2
isolation_only,2.6987,-2.2941,0.4046,2.2941,0,0,0,0,0.4464,0.2174,0.14992403749953687,45%,2,15%,0 (0-0),0,0,0,0,0,0,0,0,4,0.95,0.53,0.8,0.2,-311176.3122,-2294.1,-9176.4
hh_quaratine_only,2.7475,0.0721,0.51464,2.23286,2,2.4,0,7,0.4449,0.2134,0.18731210191082803,44%,1.9,19%,2 (0-7),26,13,6.5,1300,176000,5180,181000,0,4,0.95,0.53,0.8,0.2,9779.788199999999,72.1,288.4
isolation_manual_tracing_met_only,2.7581,33.6863,0.919676,1.838424,22,36,1,118,0.3994,0.1678,0.33344548783582906,40%,1.5,33%,22 (1-120),390,190,97,19400,2640000,77800,2710000,0,4,0.95,0.53,0.8,0.2,4569277.1046,33686.3,134745.2
isolation_manual_tracing,2.7203,40.8964,1.005972,1.714328,28,43,1,135,0.3793,0.1502,0.36980186008896077,38%,1.4,37%,28 (1-140),460,230,120,23200,3150000,92900,3240000,0,4,0.95,0.53,0.8,0.2,5547269.4888,40896.4,163585.6
cell_phone,2.7712,12.4771,0.6239,2.1473,5,15,0,58,0.4349,0.205,0.22513712471131642,43%,1.8,23%,5 (0-58),160,81,40,8100,1100000,32400,1130000,0,4,0.95,0.53,0.8,0.2,1692418.7982,12477.1,49908.4
