scenario,basic,r_diff,r_eff,contacts_med,contacts,traced_90_1,traced_90_2,above1,above5,reduction_raw,aboveX,r_effective,reduction,t_contacts,total_contacts100,total_contacts50,total_contacts10,wfh,limit_other,trace_p,app_cov,p_symptomaticA,prob_t_asymp,wfh_probC
no_measures,2.9028,0,2.9028,0,0,0,0,0.55885,0.28685,0,56%,2.9,0%,0 (0-0),0,0,0,0,4,0.95,0.53,0.8,0.5,0
isolation_manual_tracing_met_only,2.905,1.7882,1.1168,22,36,1,115,0.25465,0.08305,0.6155593803786574,25%,1.1,62%,22 (1-120),160000,32000,6500,0,4,0.95,0.53,0.8,0.5,0
isolation_manual_tracing_met_limit,2.90945,1.96746,0.94199,17,32,1,106,0.2187,0.0612,0.6762309027479421,22%,0.94,68%,17 (1-110),140000,29000,5800,0,4,0.95,0.53,0.8,0.5,0
isolation_manual_tracing,2.93095,1.98732,0.94363,29,46,1,144,0.21015,0.0703,0.67804636721882,21%,0.93,68%,29 (1-140),210000,41000,8300,0,4,0.95,0.53,0.8,0.5,0
cell_phone,2.92175,1.52695,1.3948,4,17,0,69,0.3039,0.108,0.5226148712244374,30%,1.4,52%,4 (0-69),76000,15000,3100,0,4,0.95,0.53,0.8,0.5,0
cell_phone_met_limit,2.92935,1.687,1.24235,4,14,0,52,0.2696,0.0905,0.5758956765152679,27%,1.2,58%,4 (0-52),63000,13000,2500,0,4,0.95,0.53,0.8,0.5,0
