scenario,basic,r_diff,r_eff,contacts_med,contacts,traced_90_1,traced_90_2,above1,above5,reduction_raw,aboveX,r_effective,reduction,t_contacts,total_contacts100,total_contacts50,total_contacts10,wfh,limit_other,trace_p,app_cov,p_symptomaticA,prob_t_asymp,wfh_probC
no_measures,1.9817,0,1.9817,0,0,0,0,0.363,0.18805,0,36%,2,0%,0 (0-0),0,0,0,0,4,0.95,0.53,0.6,0.1,0
isolation_manual_tracing_met_only,2.001,1.38616,0.61484,21,36,1,117,0.1336,0.0332,0.6927336331834082,13%,0.61,69%,21 (1-120),160000,32000,6500,0,4,0.95,0.53,0.6,0.1,0
isolation_manual_tracing_met_limit,1.9646,1.45709,0.50751,17,32,1,105.049999999999,0.10465,0.0233,0.741672605110455,10%,0.51,74%,17 (1-110),140000,29000,5800,0,4,0.95,0.53,0.6,0.1,0
isolation_manual_tracing,1.96135,1.48039,0.48096,30,46,1,143,0.0938,0.0237,0.7547811456394831,9.4%,0.49,75%,30 (1-140),210000,41000,8300,0,4,0.95,0.53,0.6,0.1,0
cell_phone,2.00585,1.14315,0.8627,4,17,1,69,0.17165,0.05935,0.5699080190442954,17%,0.85,57%,4 (1-69),76000,15000,3100,0,4,0.95,0.53,0.6,0.1,0
cell_phone_met_limit,1.97735,1.245,0.73235,4,14,1,53,0.1506,0.0437,0.6296305661617823,15%,0.73,63%,4 (1-53),63000,13000,2500,0,4,0.95,0.53,0.6,0.1,0
