scenario,basic,r_diff,r_eff,contacts_med,contacts,traced_90_1,traced_90_2,above1,above5,reduction_raw,aboveX,r_effective,reduction,t_contacts,total_contacts100,total_contacts50,total_contacts10,contactsR1,wfh,limit_other,trace_p,app_cov,p_symptomaticA,prob_t_asymp,wfh_probC
no_measures,2.32324,0,2.32324,0,0,0,0,0.46352,0.21536,0,46%,2.3,0%,0 (0-0),0,0,0,0,0,4,0.95,0.53,0.5,0.5,0
isolation_manual_tracing_met_only,2.30416,1.064952,1.239208,21,35,1,114,0.28364,0.09504,0.46218665370460377,28%,1.2,46%,21 (1-110),630000,160000,32000,2140000,0,4,0.95,0.53,0.5,0.5,0
isolation_manual_tracing_met_limit,2.28384,1.256488,1.027352,17,31,1,105,0.24076,0.06648,0.5501646350007006,24%,1,55%,17 (1-100),560000,140000,28000,1890000,0,4,0.95,0.53,0.5,0.5,0
isolation_manual_tracing,2.2816,1.17724,1.10436,29,45,1,141.049999999999,0.25296,0.0838,0.5159712482468444,25%,1.1,52%,29 (1-140),810000,200000,40000,2750000,0,4,0.95,0.53,0.5,0.5,0
cell_phone,2.34292,0.88488,1.45804,4,17,1,69,0.32344,0.11592,0.3776825499803663,32%,1.4,38%,4 (1-69),310000,76000,15000,1040000,0,4,0.95,0.53,0.5,0.5,0
cell_phone_met_limit,2.26584,1.0642,1.20164,4,14,1,53,0.27192,0.08528,0.469671291882922,27%,1.2,47%,4 (1-53),250000,63000,13000,855000,0,4,0.95,0.53,0.5,0.5,0
