scenario,basic,r_diff,r_eff,contacts_med,contacts,traced_90_1,traced_90_2,above1,above5,reduction_raw,aboveX,r_effective,reduction,t_contacts,total_contacts100,total_contacts50,total_contacts10,wfh,limit_other,trace_p,app_cov,p_symptomaticA,prob_t_asymp,wfh_probC
no_measures,1.814,0,1.814,0,0,0,0,0.33485,0.181,0,33%,1.8,0%,0 (0-0),0,0,0,0,4,0.95,0.53,0.6,0,0
isolation_manual_tracing_met_only,1.8245,1.36574,0.45876,21,36,1,114,0.10545,0.03145,0.7485557687037545,11%,0.46,75%,21 (1-110),160000,32000,6500,0,4,0.95,0.53,0.6,0,0
isolation_manual_tracing_met_limit,1.84675,1.45866,0.38809,17,32,1,106,0.08755,0.0237,0.7898524434817924,8.8%,0.38,79%,17 (1-110),140000,29000,5800,0,4,0.95,0.53,0.6,0,0
isolation_manual_tracing,1.80635,1.48791,0.31844,30,46,1,143,0.0674,0.0219,0.8237107980181028,6.7%,0.32,82%,30 (1-140),210000,41000,8300,0,4,0.95,0.53,0.6,0,0
cell_phone,1.7972,1.123,0.6742,4,17,1,69,0.1432,0.0538,0.624860894725128,14%,0.68,62%,4 (1-69),76000,15000,3100,0,4,0.95,0.53,0.6,0,0
cell_phone_met_limit,1.82215,1.24205,0.5801,4,14,1,53,0.12325,0.04205,0.68163982109047,12%,0.58,68%,4 (1-53),63000,13000,2500,0,4,0.95,0.53,0.6,0,0
