scenario,basic,r_diff,r_eff,contacts_med,contacts,traced_90_1,traced_90_2,above1,above5,reduction_raw,aboveX,r_effective,reduction,t_contacts,total_contacts100,total_contacts50,total_contacts10,wfh,limit_other,trace_p,app_cov,p_symptomaticA,prob_t_asymp,wfh_probC
no_measures,2.4092,0,2.4092,0,0,0,0,0.4806,0.2205,0,48%,2.4,0%,0 (0-0),0,0,0,0,4,0.95,0.53,0.6,0.4,0
isolation_manual_tracing_met_only,2.44375,1.34941,1.09434,22,35,1,112,0.2549,0.07415,0.5521882352941176,25%,1.1,55%,22 (1-110),160000,32000,6300,0,4,0.95,0.53,0.6,0.4,0
isolation_manual_tracing_met_limit,2.45605,1.5279,0.92815,17,32,1,107,0.21815,0.0574,0.6220964556910487,22%,0.91,62%,17 (1-110),140000,29000,5800,0,4,0.95,0.53,0.6,0.4,0
isolation_manual_tracing,2.4716,1.50141,0.97019,29,46,1,142,0.21985,0.06725,0.6074648001294708,22%,0.95,61%,29 (1-140),210000,41000,8300,0,4,0.95,0.53,0.6,0.4,0
cell_phone,2.44035,1.1329,1.30745,4,17,1,71,0.292,0.1014,0.46423668736041956,29%,1.3,46%,4 (1-71),76000,15000,3100,0,4,0.95,0.53,0.6,0.4,0
cell_phone_met_limit,2.4462,1.3048,1.1414,4,14,1,54,0.25885,0.07675,0.5333987409042598,26%,1.1,53%,4 (1-54),63000,13000,2500,0,4,0.95,0.53,0.6,0.4,0
