scenario,basic,r_diff,r_eff,contacts_med,contacts,traced_90_1,traced_90_2,above1,above5,reduction_raw,aboveX,r_effective,reduction,t_contacts,total_contacts100,total_contacts50,total_contacts10,contactsR1,wfh,limit_other,trace_p,app_cov,p_symptomaticA,prob_t_asymp,wfh_probC
no_measures,3.0384,0,3.0384,0,0,0,0,0.57112,0.30116,0,57%,3,0%,0 (0-0),0,0,0,0,0,4,0.95,0.53,0.7,0.9,0
isolation_manual_tracing_met_only,3.07736,1.473504,1.603856,21,35,1,115,0.32868000000000003,0.14148,0.47882080744534283,33%,1.6,48%,21 (1-120),630000,160000,32000,2140000,0,4,0.95,0.53,0.7,0.9,0
isolation_manual_tracing_met_limit,3.05236,1.725344,1.327016,17,32,1,105,0.28856,0.1108,0.5652491842377702,29%,1.3,57%,17 (1-100),580000,140000,29000,1950000,0,4,0.95,0.53,0.7,0.9,0
isolation_manual_tracing,3.00324,1.614384,1.388856,29,45,1,140,0.27924,0.12296,0.5375474487553442,28%,1.4,54%,29 (1-140),810000,200000,40000,2750000,0,4,0.95,0.53,0.7,0.9,0
cell_phone,3.07352,1.24072,1.8328,4,18,1,73,0.37436,0.1648,0.40368047060048406,37%,1.8,40%,4 (1-73),320000,81000,16000,1100000,0,4,0.95,0.53,0.7,0.9,0
cell_phone_met_limit,3.02572,1.4476,1.57812,4,14,1,52,0.33464,0.13092,0.4784315799214732,33%,1.6,48%,4 (1-52),250000,63000,13000,855000,0,4,0.95,0.53,0.7,0.9,0
