scenario,basic,r_diff,r_eff,contacts_med,contacts,traced_90_1,traced_90_2,above1,above5,reduction_raw,aboveX,r_effective,reduction,t_contacts,total_contacts100,total_contacts50,total_contacts10,wfh,limit_other,trace_p,app_cov,p_symptomaticA,prob_t_asymp,wfh_probC
no_measures,3.01,0,3.01,0,0,0,0,0.59,0.27,0,59%,3,0%,0 (0-0),0,0,0,0,4,0.95,0.53,0.6,0.7000000000000001,0
isolation_manual_tracing_met_only,2.8,1.024,1.776,20.5,36,1,141.45,0.36,0.18,0.36571428571428566,36%,1.9,37%,20 (1-140),160000,32000,6500,0,4,0.95,0.53,0.6,0.7000000000000001,0
isolation_manual_tracing_met_limit,3.15,2.056,1.094,19,38,0.95,116.05,0.28,0.08,0.6526984126984127,28%,1,65%,19 (0.95-120),170000,34000,6800,0,4,0.95,0.53,0.6,0.7000000000000001,0
isolation_manual_tracing,2.77,0.852,1.918,31.5,53,1,119.35,0.33,0.14,0.30758122743682315,33%,2.1,31%,32 (1-120),240000,48000,9500,0,4,0.95,0.53,0.6,0.7000000000000001,0
cell_phone,2.74,0.88,1.86,5.5,21,0,78.7,0.4,0.14,0.3211678832116789,40%,2,32%,5.5 (0-79),95000,19000,3800,0,4,0.95,0.53,0.6,0.7000000000000001,0
cell_phone_met_limit,2.36,1.15,1.21,4,14,1,52.2,0.26,0.1,0.4872881355932204,26%,1.5,49%,4 (1-52),63000,13000,2500,0,4,0.95,0.53,0.6,0.7000000000000001,0
