scenario,basic,r_diff,r_eff,contacts_med,contacts,traced_90_1,traced_90_2,above1,above5,reduction_raw,aboveX,r_effective,reduction,t_contacts,total_contacts100,total_contacts50,total_contacts10,wfh,limit_other,trace_p,app_cov,prob_symp,prob_t_asymp
no_measures,2.1212,0,2.1212,0,0,0,0,0.44295,0.1922,0,44%,2.12,0%,0 (0-0),0,0,0,0,4,0.95,0.53,0.30000000000000004,0.5
isolation_manual_tracing_met_only,2.0784,0.7276,1.3508,21,35,1,115.049999999999,0.30645,0.1079,0.35007698229407225,31%,1.38,35%,21 (1-120),630,320,160,0,4,0.95,0.53,0.30000000000000004,0.5
isolation_manual_tracing_met_limit,2.11425,0.95095,1.1633,18,32,1,107,0.2676,0.08065,0.4497812463048363,27%,1.17,45%,18 (1-110),580,290,140,0,4,0.95,0.53,0.30000000000000004,0.5
isolation_manual_tracing,2.0813,0.78105,1.30025,28,43,1,130,0.2955,0.1032,0.3752702637774469,30%,1.33,38%,28 (1-130),770,390,190,0,4,0.95,0.53,0.30000000000000004,0.5
cell_phone,2.0791,0.5572,1.5219,4,14,0,56,0.34205,0.12255,0.2680005771728151,34%,1.55,27%,4 (0-56),250,130,63,0,4,0.95,0.53,0.30000000000000004,0.5
cell_phone_met_limit,2.1103,0.8181,1.2922,4,13,0,47,0.2985,0.0909,0.3876699995261338,30%,1.3,39%,4 (0-47),230,120,58,0,4,0.95,0.53,0.30000000000000004,0.5
