scenario,basic,r_diff,r_eff,contacts_med,contacts,traced_90_1,traced_90_2,above1,above5,reduction_raw,aboveX,r_effective,reduction,t_contacts,total_contacts100,total_contacts50,total_contacts10,wfh,limit_other,trace_p,app_cov,p_symptomaticA,prob_t_asymp,wfh_probC
no_measures,2.1224,0,2.1224,0,0,0,0,0.4122,0.1921,0,41%,2.1,0%,0 (0-0),0,0,0,0,4,0.95,0.53,0.6,0.30000000000000004,0
isolation_manual_tracing_met_only,2.14785,1.24702,0.90083,22,36,1,116,0.20565,0.05555,0.5805898922177992,21%,0.89,58%,22 (1-120),160000,32000,6500,0,4,0.95,0.53,0.6,0.30000000000000004,0
isolation_manual_tracing_met_limit,2.1733,1.4497,0.7236,17,31,1,104,0.16585,0.0391,0.6670501081304927,17%,0.71,67%,17 (1-100),140000,28000,5600,0,4,0.95,0.53,0.6,0.30000000000000004,0
isolation_manual_tracing,2.14175,1.39366,0.74809,29,46,1,141,0.16915,0.0426,0.6507108672814288,17%,0.74,65%,29 (1-140),210000,41000,8300,0,4,0.95,0.53,0.6,0.30000000000000004,0
cell_phone,2.13525,1.0252,1.11005,4,17,0,70,0.24565,0.07835,0.48013113218592673,25%,1.1,48%,4 (0-70),76000,15000,3100,0,4,0.95,0.53,0.6,0.30000000000000004,0
cell_phone_met_limit,2.14385,1.1855,0.95835,4,14,1,53,0.2063,0.05915,0.5529771206007883,21%,0.95,55%,4 (1-53),63000,13000,2500,0,4,0.95,0.53,0.6,0.30000000000000004,0
