scenario,basic,r_diff,r_eff,contacts_med,contacts,traced_90_1,traced_90_2,above1,above5,reduction_raw,aboveX,r_effective,reduction,t_contacts,total_contacts100,total_contacts50,total_contacts10,contactsR1,wfh,limit_other,trace_p,app_cov,p_symptomaticA,prob_t_asymp,wfh_probC
no_measures,1.87148,0,1.87148,0,0,0,0,0.40608,0.16096,0,41%,1.9,0%,0 (0-0),0,0,0,0,0,4,0.95,0.53,0.2,0.5,0
isolation_manual_tracing_met_only,1.86124,0.41816,1.44308,21,35,1,116,0.33772,0.11456,0.2246674260170639,34%,1.5,22%,21 (1-120),630000,160000,32000,2140000,0,4,0.95,0.53,0.2,0.5,0
isolation_manual_tracing_met_limit,1.8488,0.62912,1.21968,17,31,1,105,0.28376,0.08252,0.3402855906533967,28%,1.2,34%,17 (1-100),560000,140000,28000,1890000,0,4,0.95,0.53,0.2,0.5,0
isolation_manual_tracing,1.89328,0.465184,1.428096,29,46,1,145,0.32516,0.11568,0.24570269585058735,33%,1.4,25%,29 (1-140),830000,210000,41000,2810000,0,4,0.95,0.53,0.2,0.5,0
cell_phone,1.84844,0.33544,1.513,4,17,1,68,0.3482,0.12244,0.18147194390945887,35%,1.5,18%,4 (1-68),310000,76000,15000,1040000,0,4,0.95,0.53,0.2,0.5,0
cell_phone_met_limit,1.85464,0.57108,1.28356,4,14,1,52,0.29972,0.08988,0.30791959625587717,30%,1.3,31%,4 (1-52),250000,63000,13000,855000,0,4,0.95,0.53,0.2,0.5,0
