scenario,basic,r_diff,r_eff,contacts_med,contacts,traced_90_1,traced_90_2,above1,above5,reduction_raw,aboveX,r_effective,reduction,t_contacts,total_contacts100,total_contacts50,total_contacts10,contactsR1,wfh,limit_other,trace_p,app_cov,p_symptomaticA,prob_t_asymp,wfh_probC
no_measures,3.17348,0,3.17348,0,0,0,0,0.59128,0.3154,0,59%,3.2,0%,0 (0-0),0,0,0,0,0,4,0.95,0.53,0.7,1,0
isolation_manual_tracing_met_only,3.17064,1.47824,1.6924,21,35,1,114,0.33732,0.15328,0.4662276385840083,34%,1.7,47%,21 (1-110),630000,160000,32000,2140000,0,4,0.95,0.53,0.7,1,0
isolation_manual_tracing_met_limit,3.1608,1.72176,1.43904,17,31,1,103,0.3002,0.12048,0.5447228549734244,30%,1.4,54%,17 (1-100),560000,140000,28000,1890000,0,4,0.95,0.53,0.7,1,0
isolation_manual_tracing,3.20272,1.633272,1.569448,29,46,1,141,0.29988,0.14236,0.5099640305740121,30%,1.6,51%,29 (1-140),830000,210000,41000,2810000,0,4,0.95,0.53,0.7,1,0
cell_phone,3.20324,1.20304,2.0002,4,17,1,71,0.38792,0.18148,0.37556973564266183,39%,2,38%,4 (1-71),310000,76000,15000,1040000,0,4,0.95,0.53,0.7,1,0
cell_phone_met_limit,3.17008,1.47372,1.69636,4,14,1,53,0.3514,0.14592,0.46488416696108614,35%,1.7,46%,4 (1-53),250000,63000,13000,855000,0,4,0.95,0.53,0.7,1,0
