scenario,basic,r_diff,r_eff,contacts_med,contacts,traced_90_1,traced_90_2,above1,above5,reduction_raw,aboveX,r_effective,reduction,t_contacts,total_contacts100,total_contacts50,total_contacts10,wfh,limit_other,trace_p,app_cov,p_symptomaticA,prob_t_asymp,wfh_probC
no_measures,3.40995,0,3.40995,0,0,0,0,0.632,0.34175,0,63%,3.4,0%,0 (0-0),0,0,0,0,4,0.95,0.53,0.6,1,0
isolation_manual_tracing_met_only,3.39305,1.35164,2.04141,21,35,1,114,0.40265,0.19065,0.39835546190006044,40%,2.1,40%,21 (1-110),160000,32000,6300,0,4,0.95,0.53,0.6,1,0
isolation_manual_tracing_met_limit,3.4199,1.63762,1.78228,17,32,1,107,0.3729,0.1577,0.4788502587794965,37%,1.8,48%,17 (1-110),140000,29000,5800,0,4,0.95,0.53,0.6,1,0
isolation_manual_tracing,3.3903,1.49943,1.89087,30,46,1,140,0.3682,0.1795,0.4422705955225201,37%,1.9,44%,30 (1-140),210000,41000,8300,0,4,0.95,0.53,0.6,1,0
cell_phone,3.36525,1.1129,2.25235,4,17,1,71,0.44255,0.21065,0.33070351385484,44%,2.3,33%,4 (1-71),76000,15000,3100,0,4,0.95,0.53,0.6,1,0
cell_phone_met_limit,3.36425,1.39605,1.9682,4,14,1,53,0.40505,0.17365,0.4149661886007283,41%,2,41%,4 (1-53),63000,13000,2500,0,4,0.95,0.53,0.6,1,0
