scenario,basic,r_diff,r_eff,contacts_med,contacts,traced_90_1,traced_90_2,above1,above5,reduction_raw,aboveX,r_effective,reduction,t_contacts,total_contacts100,total_contacts50,total_contacts10,wfh,limit_other,trace_p,app_cov,p_symptomaticA,prob_t_asymp,wfh_probC
no_measures,1.91,0,1.91,0,0,0,0,0.4,0.19,0,40%,1.9,0%,0 (0-0),0,0,0,0,4,0.95,0.53,0.2,0.5,0
isolation_manual_tracing_met_only,2.05,0.446,1.604,25,40,1.95,104.05,0.38,0.1,0.21756097560975596,38%,1.5,22%,25 (2-100),180000,36000,7200,0,4,0.95,0.53,0.2,0.5,0
isolation_manual_tracing_met_limit,2.14,0.786,1.354,21,37,1,131.7,0.32,0.1,0.3672897196261682,32%,1.2,37%,21 (1-130),170000,33000,6700,0,4,0.95,0.53,0.2,0.5,0
isolation_manual_tracing,2.29,0.66,1.63,32.5,50,1,156.4,0.4,0.14,0.28820960698689957,40%,1.4,29%,32 (1-160),220000,45000,9000,0,4,0.95,0.53,0.2,0.5,0
cell_phone,1.91,0.43,1.48,4,16,1,80.3,0.33,0.1,0.22513089005235598,33%,1.5,23%,4 (1-80),72000,14000,2900,0,4,0.95,0.53,0.2,0.5,0
cell_phone_met_limit,1.89,0.47,1.42,4,13,1,44.45,0.32,0.1,0.24867724867724872,32%,1.4,25%,4 (1-44),59000,12000,2300,0,4,0.95,0.53,0.2,0.5,0
