scenario,basic,r_diff,r_eff,contacts,reduction_raw,r_effective,reduction,t_contacts,total_contacts100,total_contacts50,total_contacts10,wfh,limit_other,trace_p,app_cov,prob_symp,prob_t_asymp
no_measures,2.215,0,2.215,1,0,2.2,0 %,1,90,45,9,0,4,0.95,0.53,0.6,0.30000000000000004
isolation_manual_tracing_met_only,2.463,1.583,0.88,38,0.6427121396670727,0.79,64 %,38,3420,1710,342,0,4,0.95,0.53,0.6,0.30000000000000004
isolation_manual_tracing_met_limit,2.28,1.6,0.68,33,0.7017543859649122,0.66,70 %,33,2970,1490,297,0,4,0.95,0.53,0.6,0.30000000000000004
isolation_manual_tracing,2.255,1.618,0.637,35,0.7175166297117517,0.63,72 %,35,3150,1580,315,0,4,0.95,0.53,0.6,0.30000000000000004
cell_phone,2.304,1.302,1.002,13,0.5651041666666666,0.96,57 %,13,1170,585,117,0,4,0.95,0.53,0.6,0.30000000000000004
cell_phone_met_limit,2.125,1.105,1.02,12,0.52,1.1,52 %,12,1080,540,108,0,4,0.95,0.53,0.6,0.30000000000000004
