scenario,basic,r_diff,r_eff,contacts_med,contacts,traced_90_1,traced_90_2,above1,above5,reduction_raw,aboveX,r_effective,reduction,t_contacts,total_contacts100,total_contacts50,total_contacts10,wfh,limit_other,trace_p,app_cov,prob_symp,prob_t_asymp
no_measures,2.4378,0,2.4378,0,0,0,0,0.48205,0.23295,0,48%,2.4,0%,0 (0-0),0,0,0,0,4,0.95,0.53,0.6,0.4
isolation_manual_tracing_met_only,2.4249,1.4591,0.9658,22,35,1,111,0.21715,0.06475,0.6017155346612231,22%,0.97,60%,22 (1-110),630,320,160,0,4,0.95,0.53,0.6,0.4
isolation_manual_tracing_met_limit,2.442,1.63435,0.80765,18,32,1,105,0.17975,0.04615,0.6692669942669943,18%,0.81,67%,18 (1-100),580,290,140,0,4,0.95,0.53,0.6,0.4
isolation_manual_tracing,2.4551,1.6012,0.8539,28,43,1,132,0.18725,0.05595,0.6521933933444666,19%,0.85,65%,28 (1-130),770,390,190,0,4,0.95,0.53,0.6,0.4
cell_phone,2.47085,1.1555,1.31535,4,14,0,56,0.28975,0.1016,0.4676528320213692,29%,1.3,47%,4 (0-56),250,130,63,0,4,0.95,0.53,0.6,0.4
cell_phone_met_limit,2.44085,1.35685,1.084,4,12,0,45,0.2437,0.07585,0.555892414527726,24%,1.1,56%,4 (0-45),220,110,54,0,4,0.95,0.53,0.6,0.4
