scenario,basic,r_diff,r_eff,contacts_med,contacts,traced_90_1,traced_90_2,above1,above5,reduction_raw,aboveX,r_effective,reduction,t_contacts,total_contacts100,total_contacts50,total_contacts10,wfh,limit_other,trace_p,app_cov,p_symptomaticA,prob_t_asymp,wfh_probC
no_measures,3.1,0,3.1,0,0,0,0,0.6,0.33,0,60%,3.1,0%,0 (0-0),0,0,0,0,4,0.95,0.53,0.6,0.9,0
isolation_manual_tracing_met_only,3.25,1.494,1.756,21,41,1.95,139.8,0.34,0.14,0.45969230769230773,34%,1.7,46%,21 (2-140),180000,37000,7400,0,4,0.95,0.53,0.6,0.9,0
isolation_manual_tracing_met_limit,3.07,1.624,1.446,17.5,30,1,101.35,0.24,0.1,0.5289902280130293,24%,1.5,53%,18 (1-100),140000,27000,5400,0,4,0.95,0.53,0.6,0.9,0
isolation_manual_tracing,3.54,1.898,1.642,30,51,2,174.55,0.25,0.17,0.5361581920903955,25%,1.4,54%,30 (2-170),230000,46000,9200,0,4,0.95,0.53,0.6,0.9,0
cell_phone,2.69,0.59,2.1,4,17,0.95,71,0.42,0.15,0.2193308550185873,42%,2.4,22%,4 (0.95-71),76000,15000,3100,0,4,0.95,0.53,0.6,0.9,0
cell_phone_met_limit,2.83,1.13,1.7,4,16,1,49.65,0.36,0.13,0.39929328621908133,36%,1.9,40%,4 (1-50),72000,14000,2900,0,4,0.95,0.53,0.6,0.9,0
