scenario,basic,r_diff,r_eff,contacts_med,contacts,traced_90_1,traced_90_2,above1,above5,reduction_raw,aboveX,r_effective,reduction,t_contacts,total_contacts100,total_contacts50,total_contacts10,wfh,limit_other,trace_p,app_cov,p_symptomaticA,prob_t_asymp,wfh_probC
no_measures,3.27215,0,3.27215,0,0,0,0,0.62,0.3248,0,62%,3.3,0%,0 (0-0),0,0,0,0,4,0.95,0.53,0.6,0.9,0
isolation_manual_tracing_met_only,3.18425,1.30415,1.8801,21,35,1,111,0.39025,0.17355,0.4095626913715945,39%,1.9,41%,21 (1-110),160000,32000,6300,0,4,0.95,0.53,0.6,0.9,0
isolation_manual_tracing_met_limit,3.20245,1.59528,1.60717,17,32,1,105,0.34275,0.13535,0.4981436087995128,34%,1.6,50%,17 (1-100),140000,29000,5800,0,4,0.95,0.53,0.6,0.9,0
isolation_manual_tracing,3.2414,1.49341,1.74799,29,46,1,145,0.3446,0.16045,0.46072993151107544,34%,1.8,46%,29 (1-140),210000,41000,8300,0,4,0.95,0.53,0.6,0.9,0
cell_phone,3.20635,1.10015,2.1062,4,17,0,70,0.42305,0.19775,0.34311600417920696,42%,2.1,34%,4 (0-70),76000,15000,3100,0,4,0.95,0.53,0.6,0.9,0
cell_phone_met_limit,3.21855,1.37405,1.8445,4,14,1,51.0499999999993,0.3895,0.15615,0.42691584719827247,39%,1.9,43%,4 (1-51),63000,13000,2500,0,4,0.95,0.53,0.6,0.9,0
