scenario,basic,r_diff,r_eff,contacts_med,contacts,traced_90_1,traced_90_2,above1,above5,reduction_raw,aboveX,r_effective,reduction,t_contacts,total_contacts100,total_contacts50,total_contacts10,contactsR1,wfh,limit_other,trace_p,app_cov,p_symptomaticA,prob_t_asymp,wfh_probC
no_measures,2.20932,0,2.20932,0,0,0,0,0.41684,0.20664,0,42%,2.2,0%,0 (0-0),0,0,0,0,0,4,0.95,0.53,0.7,0.2,0
isolation_manual_tracing_met_only,2.23128,1.46768,0.7636,21,35,1,115,0.17176,0.04432,0.6577749094690044,17%,0.76,66%,21 (1-120),630000,160000,32000,2140000,0,4,0.95,0.53,0.7,0.2,0
isolation_manual_tracing_met_limit,2.22564,1.613072,0.612568,17,32,1,105,0.13456,0.02928,0.7247677072662245,13%,0.61,72%,17 (1-100),580000,140000,29000,1950000,0,4,0.95,0.53,0.7,0.2,0
isolation_manual_tracing,2.1752,1.603424,0.571776,29,45,1,139,0.12088,0.02984,0.7371386539168812,12%,0.58,74%,29 (1-140),810000,200000,40000,2750000,0,4,0.95,0.53,0.7,0.2,0
cell_phone,2.23436,1.2072,1.02716,4,17,1,70,0.21912,0.07144,0.5402889417998891,22%,1,54%,4 (1-70),310000,76000,15000,1040000,0,4,0.95,0.53,0.7,0.2,0
cell_phone_met_limit,2.16476,1.31904,0.84572,4,14,1,53,0.18324,0.05132,0.6093238973373492,18%,0.86,61%,4 (1-53),250000,63000,13000,855000,0,4,0.95,0.53,0.7,0.2,0
