scenario,basic,r_diff,r_eff,contacts_med,contacts,traced_90_1,traced_90_2,above1,above5,reduction_raw,aboveX,r_effective,reduction,t_contacts,total_contacts100,total_contacts50,total_contacts10,contactsR1,wfh,limit_other,trace_p,app_cov,p_symptomaticA,prob_t_asymp,wfh_probC
no_measures,2.34396,0,2.34396,0,0,0,0,0.45004,0.2188,0,45%,2.3,0%,0 (0-0),0,0,0,0,0,4,0.95,0.53,0.7,0.30000000000000004,0
isolation_manual_tracing_met_only,2.30628,1.437528,0.868752,21,35,1,115,0.19952,0.0564,0.6233102658827203,20%,0.88,62%,21 (1-120),630000,160000,32000,2140000,0,4,0.95,0.53,0.7,0.30000000000000004,0
isolation_manual_tracing_met_limit,2.36244,1.642104,0.720336,17,32,1,105,0.16392,0.038,0.6950881292223294,16%,0.71,70%,17 (1-100),580000,140000,29000,1950000,0,4,0.95,0.53,0.7,0.30000000000000004,0
isolation_manual_tracing,2.35644,1.643752,0.712688,29,46,1,142,0.15776,0.042,0.6975573322469488,16%,0.71,70%,29 (1-140),830000,210000,41000,2810000,0,4,0.95,0.53,0.7,0.30000000000000004,0
cell_phone,2.3402,1.19252,1.14768,4,17,1,68,0.24648,0.08464,0.5095803777454918,25%,1.1,51%,4 (1-68),310000,76000,15000,1040000,0,4,0.95,0.53,0.7,0.30000000000000004,0
cell_phone_met_limit,2.34792,1.38168,0.96624,4,14,1,52.0499999999993,0.21232,0.06076,0.5884697945415516,21%,0.96,59%,4 (1-52),250000,63000,13000,855000,0,4,0.95,0.53,0.7,0.30000000000000004,0
