scenario,basic,r_diff,r_eff,contacts_med,contacts,traced_90_1,traced_90_2,above1,above5,reduction_raw,aboveX,r_effective,reduction,t_contacts,total_contacts100,total_contacts50,total_contacts10,wfh,limit_other,trace_p,app_cov,p_symptomaticA,prob_t_asymp,wfh_probC
no_measures,1.8696,0,1.8696,0,0,0,0,0.40455,0.1614,0,40%,1.9,0%,0 (0-0),0,0,0,0,4,0.95,0.53,0.2,0.5,0
isolation_manual_tracing_met_only,1.85875,0.41531,1.44344,21,35,1,114,0.33275,0.1137,0.2234351042367182,33%,1.5,22%,21 (1-110),160000,32000,6300,0,4,0.95,0.53,0.2,0.5,0
isolation_manual_tracing_met_limit,1.8795,0.63293,1.24657,17,32,1,105,0.2889,0.08675,0.3367544559723331,29%,1.2,34%,17 (1-100),140000,29000,5800,0,4,0.95,0.53,0.2,0.5,0
isolation_manual_tracing,1.8675,0.45054,1.41696,30,46,1,143,0.3258,0.1113,0.24125301204819272,33%,1.4,24%,30 (1-140),210000,41000,8300,0,4,0.95,0.53,0.2,0.5,0
cell_phone,1.83185,0.3339,1.49795,4,17,1,69,0.341,0.121,0.1822747495701068,34%,1.5,18%,4 (1-69),76000,15000,3100,0,4,0.95,0.53,0.2,0.5,0
cell_phone_met_limit,1.83975,0.5477,1.29205,4,14,1,52,0.3002,0.093,0.2977034923223264,30%,1.3,30%,4 (1-52),63000,13000,2500,0,4,0.95,0.53,0.2,0.5,0
