scenario,basic,r_diff,r_eff,contacts_med,contacts,traced_90_1,traced_90_2,above1,above5,reduction_raw,aboveX,r_effective,reduction,t_contacts,total_contacts100,total_contacts50,total_contacts10,wfh,limit_other,trace_p,app_cov,prob_symp,prob_t_asymp
no_measures,2.7493,0,2.7493,0,0,0,0,0.52875,0.2682,0,53%,2.7,0%,0 (0-0),0,0,0,0,4,0.95,0.53,0.6,0.6000000000000001
isolation_manual_tracing_met_only,2.69035,1.4516,1.23875,22,35,1,116,0.2674,0.0991,0.539558050067835,27%,1.3,54%,22 (1-120),630,320,160,0,4,0.95,0.53,0.6,0.6000000000000001
isolation_manual_tracing_met_limit,2.72205,1.6999,1.02215,17,32,1,105,0.22435,0.0727,0.6244925699380981,22%,1,62%,17 (1-100),580,290,140,0,4,0.95,0.53,0.6,0.6000000000000001
isolation_manual_tracing,2.75445,1.5931,1.16135,28,43,1,134,0.2374,0.0944,0.5783731779484107,24%,1.2,58%,28 (1-130),770,390,190,0,4,0.95,0.53,0.6,0.6000000000000001
cell_phone,2.71965,1.14305,1.5766,4,15,0,58,0.34135,0.13575,0.42029305241483284,34%,1.6,42%,4 (0-58),270,140,68,0,4,0.95,0.53,0.6,0.6000000000000001
cell_phone_met_limit,2.71105,1.37935,1.3317,5,12,0,46,0.29395,0.10215,0.5087881079286622,29%,1.4,51%,5 (0-46),220,110,54,0,4,0.95,0.53,0.6,0.6000000000000001
