scenario,basic,r_diff,r_eff,contacts_med,contacts,traced_90_1,traced_90_2,above1,above5,reduction_raw,aboveX,r_effective,reduction,t_contacts,total_contacts100,total_contacts50,total_contacts10,wfh,limit_other,trace_p,app_cov,p_symptomaticA,prob_t_asymp,wfh_probC
no_measures,2.57425,0,2.57425,0,0,0,0,0.50805,0.2455,0,51%,2.6,0%,0 (0-0),0,0,0,0,4,0.95,0.53,0.6,0.6000000000000001,0
isolation_manual_tracing_met_only,2.5485,1.23575,1.31275,21,35,1,111,0.2952,0.10855,0.4848930743574652,30%,1.3,48%,21 (1-110),160000,32000,6300,0,4,0.95,0.53,0.6,0.6000000000000001,0
isolation_manual_tracing_met_limit,2.5555,1.44234,1.11316,17,31,1,105,0.25565,0.0818,0.5644061827431031,26%,1.1,56%,17 (1-100),140000,28000,5600,0,4,0.95,0.53,0.6,0.6000000000000001,0
isolation_manual_tracing,2.61705,1.4203,1.19675,29,46,1,144,0.2622,0.09595,0.5427103035860988,26%,1.2,54%,29 (1-140),210000,41000,8300,0,4,0.95,0.53,0.6,0.6000000000000001,0
cell_phone,2.56455,1.0451,1.51945,4,17,1,69,0.3289,0.12845,0.40751788812852163,33%,1.5,41%,4 (1-69),76000,15000,3100,0,4,0.95,0.53,0.6,0.6000000000000001,0
cell_phone_met_limit,2.55915,1.26285,1.2963,4,14,1,52,0.2964,0.09715,0.4934646269269093,30%,1.3,49%,4 (1-52),63000,13000,2500,0,4,0.95,0.53,0.6,0.6000000000000001,0
