scenario,basic,r_diff,r_eff,contacts_med,contacts,traced_90_1,traced_90_2,above1,above5,reduction_raw,aboveX,r_effective,reduction,t_contacts,total_contacts100,total_contacts50,total_contacts10,wfh,limit_other,trace_p,app_cov,p_symptomaticA,prob_t_asymp,wfh_probC
no_measures,2.93465,0,2.93465,0,0,0,0,0.55115,0.28745,0,55%,2.9,0%,0 (0-0),0,0,0,0,4,0.95,0.53,0.6,0.8,0
isolation_manual_tracing_met_only,2.90705,1.26222,1.64483,21,36,1,116,0.3436,0.14445,0.43419273834299377,34%,1.7,43%,21 (1-120),160000,32000,6500,0,4,0.95,0.53,0.6,0.8,0
isolation_manual_tracing_met_limit,2.8844,1.53077,1.3536300000000001,17,31,1,104,0.2957,0.1116,0.5307065594231035,30%,1.4,53%,17 (1-100),140000,28000,5600,0,4,0.95,0.53,0.6,0.8,0
isolation_manual_tracing,2.82525,1.37645,1.4488,29,45,1,140,0.3041,0.13075,0.487195823378462,30%,1.5,49%,29 (1-140),200000,40000,8100,0,4,0.95,0.53,0.6,0.8,0
cell_phone,2.88965,1.02885,1.8608,4,17,0,70,0.38,0.16945,0.3560465800356445,38%,1.9,36%,4 (0-70),76000,15000,3100,0,4,0.95,0.53,0.6,0.8,0
cell_phone_met_limit,2.8986,1.288,1.6106,4,14,0,52,0.3472,0.13225,0.44435244600841783,35%,1.6,44%,4 (0-52),63000,13000,2500,0,4,0.95,0.53,0.6,0.8,0
