scenario,basic,r_diff,r_eff,contacts_med,contacts,traced_90_1,traced_90_2,above1,above5,reduction_raw,aboveX,r_effective,reduction,t_contacts,total_contacts100,total_contacts50,total_contacts10,wfh,limit_other,trace_p,app_cov,prob_symp,prob_t_asymp
no_measures,2.8248,0,2.8248,0,0,0,0,0.55045,0.277,0,55%,2.82,0%,0 (0-0),0,0,0,0,4,0.95,0.53,0.6,0.7000000000000001
isolation_manual_tracing_met_only,2.87345,1.48495,1.3885,22,36,1,116,0.29175,0.11655,0.5167829612486732,29%,1.36,52%,22 (1-120),650,320,160,0,4,0.95,0.53,0.6,0.7000000000000001
isolation_manual_tracing_met_limit,2.81425,1.70505,1.1092,17,32,1,104,0.2431,0.08235,0.6058630185662255,24%,1.11,61%,17 (1-100),580,290,140,0,4,0.95,0.53,0.6,0.7000000000000001
isolation_manual_tracing,2.87545,1.5723,1.30315,29,43,1,134,0.2648,0.1127,0.5468013702203134,26%,1.28,55%,29 (1-130),770,390,190,0,4,0.95,0.53,0.6,0.7000000000000001
cell_phone,2.83715,1.15565,1.6815,5,15,0,58,0.35565,0.1465,0.40732777611335313,36%,1.67,41%,5 (0-58),270,140,68,0,4,0.95,0.53,0.6,0.7000000000000001
cell_phone_met_limit,2.8464,1.41365,1.43275,5,12,0,47,0.31275,0.11395,0.49664488476672286,31%,1.42,50%,5 (0-47),220,110,54,0,4,0.95,0.53,0.6,0.7000000000000001
