scenario,basic,r_diff,r_eff,contacts_med,contacts,traced_90_1,traced_90_2,above1,above5,reduction_raw,aboveX,r_effective,reduction,t_contacts,total_contacts100,total_contacts50,total_contacts10,wfh,limit_other,trace_p,app_cov,p_symptomaticA,prob_t_asymp,wfh_probC
no_measures,2.72,0,2.72,0,0,0,0,0.53,0.29,0,53%,2.7,0%,0 (0-0),0,0,0,0,4,0.95,0.53,0.6,0.6000000000000001,0
isolation_manual_tracing_met_only,2.28,1.328,0.952,15,29,1,87,0.22,0.07,0.5824561403508772,22%,1.1,58%,15 (1-87),130000,26000,5200,0,4,0.95,0.53,0.6,0.6000000000000001,0
isolation_manual_tracing_met_limit,2.72,1.45,1.27,15,29,2,97.1,0.29,0.11,0.5330882352941178,29%,1.3,53%,15 (2-97),130000,26000,5200,0,4,0.95,0.53,0.6,0.6000000000000001,0
isolation_manual_tracing,2.86,1.262,1.598,32.5,50,2,156.05,0.42,0.11,0.4412587412587412,42%,1.5,44%,32 (2-160),220000,45000,9000,0,4,0.95,0.53,0.6,0.6000000000000001,0
cell_phone,2.93,1.15,1.78,3,18,0.95,65.8,0.39,0.15,0.3924914675767919,39%,1.7,39%,3 (0.95-66),81000,16000,3200,0,4,0.95,0.53,0.6,0.6000000000000001,0
cell_phone_met_limit,2.48,1.17,1.31,4,15,0.95,46.3,0.35,0.11,0.4717741935483871,35%,1.4,47%,4 (0.95-46),68000,14000,2700,0,4,0.95,0.53,0.6,0.6000000000000001,0
