scenario,basic,r_diff,r_eff,contacts_med,contacts,traced_90_1,traced_90_2,above1,above5,reduction_raw,aboveX,r_effective,reduction,t_contacts,total_contacts100,total_contacts50,total_contacts10,wfh,limit_other,trace_p,app_cov,p_symptomaticA,prob_t_asymp,wfh_probC
no_measures,2.7744,0,2.7744,0,0,0,0,0.5442,0.26655,0,54%,2.8,0%,0 (0-0),0,0,0,0,4,0.95,0.53,0.7,0.5,0
isolation_manual_tracing_met_only,2.75465,1.57316,1.18149,21,35,1,116,0.2762,0.0904,0.5710925162906358,28%,1.2,57%,21 (1-120),160000,32000,6300,0,4,0.95,0.53,0.7,0.5,0
isolation_manual_tracing_met_limit,2.79095,1.78123,1.00972,17,32,1,107,0.2341,0.065,0.6382163779358283,23%,1,64%,17 (1-110),140000,29000,5800,0,4,0.95,0.53,0.7,0.5,0
isolation_manual_tracing,2.7456,1.73074,1.01486,30,46,1,142,0.23315,0.0746,0.6303685897435898,23%,1,63%,30 (1-140),210000,41000,8300,0,4,0.95,0.53,0.7,0.5,0
cell_phone,2.73275,1.30885,1.4239,4,17,1,68,0.31525,0.1093,0.4789497758668009,32%,1.4,48%,4 (1-68),76000,15000,3100,0,4,0.95,0.53,0.7,0.5,0
cell_phone_met_limit,2.7656,1.51875,1.24685,4,14,1,53,0.2812,0.08995,0.5491575065085335,28%,1.3,55%,4 (1-53),63000,13000,2500,0,4,0.95,0.53,0.7,0.5,0
