scenario,basic,r_diff,r_eff,contacts_med,contacts,traced_90_1,traced_90_2,above1,above5,reduction_raw,aboveX,r_effective,reduction,t_contacts,total_contacts100,total_contacts50,total_contacts10,wfh,limit_other,trace_p,app_cov,prob_symp,prob_t_asymp
no_measures,2.27655,0,2.27655,0,0,0,0,0.46655,0.2099,0,47%,2.28,0%,0 (0-0),0,0,0,0,4,0.95,0.53,0.4,0.5
isolation_manual_tracing_met_only,2.2889,0.9875,1.3014,22,36,1,116,0.2924,0.10165,0.4314299445148325,29%,1.29,43%,22 (1-120),650,320,160,0,4,0.95,0.53,0.4,0.5
isolation_manual_tracing_met_limit,2.262,1.18445,1.07755,18,32,1,108,0.2413,0.0748,0.523629531388152,24%,1.08,52%,18 (1-110),580,290,140,0,4,0.95,0.53,0.4,0.5
isolation_manual_tracing,2.2205,1.03545,1.18505,28,43,1,131,0.2619,0.0905,0.4663138932672821,26%,1.21,47%,28 (1-130),770,390,190,0,4,0.95,0.53,0.4,0.5
cell_phone,2.2763,0.75835,1.51795,4,14,0,57,0.34135,0.1249,0.33315028774766076,34%,1.52,33%,4 (0-57),250,130,63,0,4,0.95,0.53,0.4,0.5
cell_phone_met_limit,2.2596,0.99415,1.26545,5,12,0,46,0.2871,0.0908,0.43996725084085675,29%,1.27,44%,5 (0-46),220,110,54,0,4,0.95,0.53,0.4,0.5
