scenario,basic,r_diff,r_eff,contacts_med,contacts,traced_90_1,traced_90_2,above1,above5,reduction_raw,aboveX,r_effective,reduction,t_contacts,total_contacts100,total_contacts50,total_contacts10,wfh,limit_other,trace_p,app_cov,p_symptomaticA,prob_t_asymp,wfh_probC
no_measures,2.02895,0,2.02895,0,0,0,0,0.4256,0.1832,0,43%,2,0%,0 (0-0),0,0,0,0,4,0.95,0.53,0.30000000000000004,0.5,0
isolation_manual_tracing_met_only,1.9708,0.61888,1.35192,21,34,1,110,0.31725,0.10555,0.3140247615181653,32%,1.4,31%,21 (1-110),150000,31000,6100,0,4,0.95,0.53,0.30000000000000004,0.5,0
isolation_manual_tracing_met_limit,2.0362,0.84495,1.19125,17,32,1,108,0.2761,0.0828,0.4149641489048228,28%,1.2,41%,17 (1-110),140000,29000,5800,0,4,0.95,0.53,0.30000000000000004,0.5,0
isolation_manual_tracing,1.98695,0.68862,1.29833,29,45,1,140,0.30135,0.10055,0.34657137824303585,30%,1.3,35%,29 (1-140),200000,40000,8100,0,4,0.95,0.53,0.30000000000000004,0.5,0
cell_phone,1.9817,0.5098,1.4719,4,17,0,72,0.3348,0.1166,0.257253872937377,33%,1.5,26%,4 (0-72),76000,15000,3100,0,4,0.95,0.53,0.30000000000000004,0.5,0
cell_phone_met_limit,2.01795,0.7558,1.26215,4,14,1,53,0.29565,0.08765,0.37453851681161565,30%,1.3,37%,4 (1-53),63000,13000,2500,0,4,0.95,0.53,0.30000000000000004,0.5,0
