scenario,basic,r_diff,r_eff,contacts_med,contacts,traced_90_1,traced_90_2,above1,above5,reduction_raw,aboveX,r_effective,reduction,t_contacts,total_contacts100,total_contacts50,total_contacts10,contactsR1,wfh,limit_other,trace_p,app_cov,p_symptomaticA,prob_t_asymp,wfh_probC
no_measures,2.17672,0,2.17672,0,0,0,0,0.44692,0.196,0,45%,2.2,0%,0 (0-0),0,0,0,0,0,4,0.95,0.53,0.4,0.5,0
isolation_manual_tracing_met_only,2.17268,0.851232,1.321448,21,35,1,116,0.30268,0.10404,0.3917889426882929,30%,1.3,39%,21 (1-120),630000,160000,32000,2140000,0,4,0.95,0.53,0.4,0.5,0
isolation_manual_tracing_met_limit,2.12168,1.029784,1.091896,17,31,1,103,0.25344,0.07496,0.4853625428905396,25%,1.1,49%,17 (1-100),560000,140000,28000,1890000,0,4,0.95,0.53,0.4,0.5,0
isolation_manual_tracing,2.13732,0.91936,1.21796,29,45,1,142,0.27716,0.096,0.4301461643553609,28%,1.2,43%,29 (1-140),810000,200000,40000,2750000,0,4,0.95,0.53,0.4,0.5,0
cell_phone,2.15744,0.69968,1.45776,4,17,1,70,0.32944,0.11524,0.3243102936814002,33%,1.5,32%,4 (1-70),310000,76000,15000,1040000,0,4,0.95,0.53,0.4,0.5,0
cell_phone_met_limit,2.15216,0.90684,1.24532,4,14,1,53,0.28488,0.08912,0.4213627239610438,28%,1.3,42%,4 (1-53),250000,63000,13000,855000,0,4,0.95,0.53,0.4,0.5,0
