scenario,basic,r_diff,r_eff,contacts_med,contacts,traced_90_1,traced_90_2,above1,above5,reduction_raw,aboveX,r_effective,reduction,t_contacts,total_contacts100,total_contacts50,total_contacts10,wfh,limit_other,trace_p,app_cov,p_symptomaticA,prob_t_asymp,wfh_probC
no_measures,3.00425,0,3.00425,0,0,0,0,0.5713,0.29695,0,57%,3,0%,0 (0-0),0,0,0,0,4,0.95,0.53,0.6,0.9,0
isolation_manual_tracing_met_only,3.0622,1.26019,1.80201,21,35,1,113,0.36745,0.16135,0.4115309254784142,37%,1.8,41%,21 (1-110),160000,32000,6300,0,4,0.95,0.53,0.6,0.9,0
isolation_manual_tracing_met_limit,3.0393,1.53895,1.50035,17,32,1,106,0.3198,0.12395,0.506350146415293,32%,1.5,51%,17 (1-110),140000,29000,5800,0,4,0.95,0.53,0.6,0.9,0
isolation_manual_tracing,2.9837,1.37107,1.61263,29,45,1,142,0.32435,0.1464,0.4595200589871635,32%,1.6,46%,29 (1-140),200000,40000,8100,0,4,0.95,0.53,0.6,0.9,0
cell_phone,3.00475,1.03165,1.9731,4,17,1,70,0.39285,0.1831,0.3433397121224727,39%,2,34%,4 (1-70),76000,15000,3100,0,4,0.95,0.53,0.6,0.9,0
cell_phone_met_limit,3.0089,1.30775,1.70115,4,14,1,52,0.3609,0.1458,0.43462727242513877,36%,1.7,43%,4 (1-52),63000,13000,2500,0,4,0.95,0.53,0.6,0.9,0
