scenario,basic,r_diff,r_eff,contacts_med,contacts,traced_90_1,traced_90_2,above1,above5,reduction_raw,aboveX,r_effective,reduction,t_contacts,total_contacts100,total_contacts50,total_contacts10,wfh,limit_other,trace_p,app_cov,p_symptomaticA,prob_t_asymp,wfh_probC
no_measures,1.6986,0,1.6986,0,0,0,0,0.3139,0.16665,0,31%,1.7,0%,0 (0-0),0,0,0,0,4,0.95,0.53,0.6,0,0
isolation_manual_tracing_met_only,1.706,1.25387,0.45213,21,36,1,115,0.0985,0.0313,0.734976553341149,9.8%,0.45,73%,21 (1-120),160000,32000,6500,0,4,0.95,0.53,0.6,0,0
isolation_manual_tracing_met_limit,1.73215,1.38045,0.3517,17,32,1,105,0.0785,0.0203,0.7969575383194296,7.8%,0.34,80%,17 (1-100),140000,29000,5800,0,4,0.95,0.53,0.6,0,0
isolation_manual_tracing,1.7139,1.40559,0.30831,30,46,1,143,0.06355,0.01955,0.8201120252056713,6.4%,0.31,82%,30 (1-140),210000,41000,8300,0,4,0.95,0.53,0.6,0,0
cell_phone,1.7181,1.05825,0.65985,4,17,1,70,0.13965,0.05235,0.6159420289855072,14%,0.65,62%,4 (1-70),76000,15000,3100,0,4,0.95,0.53,0.6,0,0
cell_phone_met_limit,1.679,1.10295,0.57605,4,14,1,53,0.1217,0.0433,0.6569088743299584,12%,0.58,66%,4 (1-53),63000,13000,2500,0,4,0.95,0.53,0.6,0,0
