scenario,basic,r_diff,r_eff,contacts_med,contacts,traced_90_1,traced_90_2,above1,above5,reduction_raw,aboveX,r_effective,reduction,t_contacts,total_contacts100,total_contacts50,total_contacts10,wfh,limit_other,trace_p,app_cov,p_symptomaticA,prob_t_asymp,wfh_probC
no_measures,2.12455,0,2.12455,0,0,0,0,0.45925,0.1854,0,46%,2.1,0%,0 (0-0),0,0,0,0,4,0.95,0.53,0.30000000000000004,0.5,0
isolation_manual_tracing_met_only,2.1329,0.6486,1.4843,21,35,1,114,0.34775,0.11845,0.30409301889446294,35%,1.5,30%,21 (1-110),160000,32000,6300,0,4,0.95,0.53,0.30000000000000004,0.5,0
isolation_manual_tracing_met_limit,2.1817,0.92226,1.25944,17,32,1,107,0.29385,0.08625,0.4227253976257048,29%,1.2,42%,17 (1-110),140000,29000,5800,0,4,0.95,0.53,0.30000000000000004,0.5,0
isolation_manual_tracing,2.12345,0.73142,1.39203,29,45,1,141,0.32,0.11,0.34444889213308527,32%,1.4,34%,29 (1-140),200000,40000,8100,0,4,0.95,0.53,0.30000000000000004,0.5,0
cell_phone,2.17075,0.57925,1.5915,4,17,1,69,0.36415,0.12865,0.26684325693884603,36%,1.6,27%,4 (1-69),76000,15000,3100,0,4,0.95,0.53,0.30000000000000004,0.5,0
cell_phone_met_limit,2.15685,0.7748,1.38205,4,14,1,53,0.32055,0.09945,0.35922757725386556,32%,1.4,36%,4 (1-53),63000,13000,2500,0,4,0.95,0.53,0.30000000000000004,0.5,0
