scenario,basic,r_diff,r_eff,contacts_med,contacts,traced_90_1,traced_90_2,above1,above5,reduction_raw,aboveX,r_effective,reduction,t_contacts,total_contacts100,total_contacts50,total_contacts10,wfh,limit_other,trace_p,app_cov,p_symptomaticA,prob_t_asymp,wfh_probC
no_measures,2.7557,0,2.7557,0,0,0,0,0.54335,0.26765,0,54%,2.8,0%,0 (0-0),0,0,0,0,4,0.95,0.53,0.6,0.6000000000000001,0
isolation_manual_tracing_met_only,2.7626,1.32342,1.43918,21,36,1,115,0.3242,0.11815,0.4790487222182003,32%,1.4,48%,21 (1-120),160000,32000,6500,0,4,0.95,0.53,0.6,0.6000000000000001,0
isolation_manual_tracing_met_limit,2.70865,1.51919,1.18946,17,31,1,104,0.27585,0.0863,0.5608661141158879,28%,1.2,56%,17 (1-100),140000,28000,5600,0,4,0.95,0.53,0.6,0.6000000000000001,0
isolation_manual_tracing,2.7826,1.52106,1.26154,29,46,1,144,0.27625,0.1051,0.5466326457270179,28%,1.2,55%,29 (1-140),210000,41000,8300,0,4,0.95,0.53,0.6,0.6000000000000001,0
cell_phone,2.7327,1.07875,1.65395,4,17,1,70,0.36075,0.14145,0.39475610202363964,36%,1.7,39%,4 (1-70),76000,15000,3100,0,4,0.95,0.53,0.6,0.6000000000000001,0
cell_phone_met_limit,2.74865,1.33935,1.4093,4,14,1,53,0.3181,0.1076,0.4872755716442617,32%,1.4,49%,4 (1-53),63000,13000,2500,0,4,0.95,0.53,0.6,0.6000000000000001,0
