scenario,basic,r_diff,r_eff,contacts_med,contacts,traced_90_1,traced_90_2,above1,above5,reduction_raw,aboveX,r_effective,reduction,t_contacts,total_contacts100,total_contacts50,total_contacts10,wfh,limit_other,trace_p,app_cov,p_symptomaticA,prob_t_asymp,wfh_probC
no_measures,1.8,0,1.8,0,0,0,0,0.45,0.16,0,45%,1.8,0%,0 (0-0),0,0,0,0,4,0.95,0.53,0.4,0.5,0
isolation_manual_tracing_met_only,2.21,0.92,1.29,23,34,1,104.2,0.28,0.15,0.41628959276018096,28%,1.1,42%,23 (1-100),150000,31000,6100,0,4,0.95,0.53,0.4,0.5,0
isolation_manual_tracing_met_limit,2.14,0.706,1.434,19.5,39,2,115.75,0.32,0.15,0.32990654205607484,32%,1.2,33%,20 (2-120),180000,35000,7000,0,4,0.95,0.53,0.4,0.5,0
isolation_manual_tracing,2.29,1.148,1.142,34,46,1,146.05,0.27,0.06,0.5013100436681224,27%,0.9,50%,34 (1-150),210000,41000,8300,0,4,0.95,0.53,0.4,0.5,0
cell_phone,1.9,0.48,1.42,3,14,1,51.05,0.27,0.08,0.25263157894736843,27%,1.3,25%,3 (1-51),63000,13000,2500,0,4,0.95,0.53,0.4,0.5,0
cell_phone_met_limit,2.55,1.3,1.25,4.5,19,0,90.05,0.27,0.11,0.5098039215686274,27%,0.88,51%,4.5 (0-90),86000,17000,3400,0,4,0.95,0.53,0.4,0.5,0
