scenario,basic,r_diff,r_eff,contacts_med,contacts,traced_90_1,traced_90_2,above1,above5,reduction_raw,aboveX,r_effective,reduction,t_contacts,total_contacts100,total_contacts50,total_contacts10,wfh,limit_other,trace_p,app_cov,p_symptomaticA,prob_t_asymp,wfh_probC
no_measures,2.266,0,2.266,0,0,0,0,0.4456,0.2062,0,45%,2.3,0%,0 (0-0),0,0,0,0,4,0.95,0.53,0.6,0.30000000000000004,0
isolation_manual_tracing_met_only,2.3229,1.36724,0.95566,22,36,1,116,0.2184,0.061,0.5885918463988979,22%,0.93,59%,22 (1-120),160000,32000,6500,0,4,0.95,0.53,0.6,0.30000000000000004,0
isolation_manual_tracing_met_limit,2.27995,1.49429,0.78566,17,32,1,106,0.18005,0.04065,0.6554047237878023,18%,0.78,66%,17 (1-110),140000,29000,5800,0,4,0.95,0.53,0.6,0.30000000000000004,0
isolation_manual_tracing,2.28455,1.48774,0.79681,29,45,1,142,0.1759,0.04855,0.6512179641504892,18%,0.79,65%,29 (1-140),200000,40000,8100,0,4,0.95,0.53,0.6,0.30000000000000004,0
cell_phone,2.28555,1.12,1.16555,4,17,1,71,0.2575,0.0824,0.49003522128152965,26%,1.2,49%,4 (1-71),76000,15000,3100,0,4,0.95,0.53,0.6,0.30000000000000004,0
cell_phone_met_limit,2.2567,1.2662,0.9905,4,14,1,54,0.22185,0.0624,0.5610847697966057,22%,0.99,56%,4 (1-54),63000,13000,2500,0,4,0.95,0.53,0.6,0.30000000000000004,0
