scenario,basic,r_diff,r_eff,contacts_med,contacts,traced_90_1,traced_90_2,above1,above5,reduction_raw,aboveX,r_effective,reduction,t_contacts,total_contacts100,total_contacts50,total_contacts10,wfh,limit_other,trace_p,app_cov,p_symptomaticA,prob_t_asymp,wfh_probC
no_measures,2.26,0,2.26,0,0,0,0,0.52,0.25,0,52%,2.3,0%,0 (0-0),0,0,0,0,4,0.95,0.53,0.6,0.5,0
isolation_manual_tracing_met_only,2.41,1.114,1.296,22.5,33,1,110,0.32,0.12,0.46224066390041496,32%,1.2,46%,22 (1-110),150000,30000,5900,0,4,0.95,0.53,0.6,0.5,0
isolation_manual_tracing_met_limit,2.82,1.42,1.4,20,43,1,87.8,0.27,0.1,0.5035460992907801,27%,1.1,50%,20 (1-88),190000,39000,7700,0,4,0.95,0.53,0.6,0.5,0
isolation_manual_tracing,2.4,1.366,1.034,32.5,46,3,128.85,0.2,0.07,0.5691666666666666,20%,0.97,57%,32 (3-130),210000,41000,8300,0,4,0.95,0.53,0.6,0.5,0
cell_phone,2.43,0.91,1.52,5,21,1,76.1,0.33,0.1,0.374485596707819,33%,1.4,37%,5 (1-76),95000,19000,3800,0,4,0.95,0.53,0.6,0.5,0
cell_phone_met_limit,3.09,1.65,1.44,3,13,0,44.3,0.33,0.11,0.5339805825242718,33%,1.1,53%,3 (0-44),59000,12000,2300,0,4,0.95,0.53,0.6,0.5,0
