scenario,basic,r_diff,r_eff,contacts_med,contacts,traced_90_1,traced_90_2,above1,above5,reduction_raw,aboveX,r_effective,reduction,t_contacts,total_contacts100,total_contacts50,total_contacts10,wfh,limit_other,trace_p,app_cov,p_symptomaticA,prob_t_asymp,wfh_probC
no_measures,2.00125,0,2.00125,0,0,0,0,0.3732,0.17825,0,37%,2,0%,0 (0-0),0,0,0,0,4,0.95,0.53,0.6,0.2,0
isolation_manual_tracing_met_only,1.9716,1.23873,0.73287,21,35,1,111,0.1658,0.04095,0.6282866707242849,17%,0.74,63%,21 (1-110),160000,32000,6300,0,4,0.95,0.53,0.6,0.2,0
isolation_manual_tracing_met_limit,2.01045,1.40997,0.60048,17,31,1,103,0.13075,0.0263,0.7013205998657017,13%,0.6,70%,17 (1-100),140000,28000,5600,0,4,0.95,0.53,0.6,0.2,0
isolation_manual_tracing,2.02155,1.41396,0.60759,29,46,1,143,0.13305,0.03195,0.6994434963270757,13%,0.6,70%,29 (1-140),210000,41000,8300,0,4,0.95,0.53,0.6,0.2,0
cell_phone,1.9771,1.0153,0.9618,4,17,1,71,0.2039,0.0654,0.5135299175560164,20%,0.97,51%,4 (1-71),76000,15000,3100,0,4,0.95,0.53,0.6,0.2,0
cell_phone_met_limit,2.00505,1.1714,0.83365,4,14,1,52,0.17535,0.0488,0.5842248322984465,18%,0.83,58%,4 (1-52),63000,13000,2500,0,4,0.95,0.53,0.6,0.2,0
