scenario,basic,r_diff,r_eff,contacts_med,contacts,traced_90_1,traced_90_2,above1,above5,reduction_raw,aboveX,r_effective,reduction,t_contacts,total_contacts100,total_contacts50,total_contacts10,wfh,limit_other,trace_p,app_cov,p_symptomaticA,prob_t_asymp,wfh_probC
no_measures,3.09255,0,3.09255,0,0,0,0,0.59385,0.3061,0,59%,3.1,0%,0 (0-0),0,0,0,0,4,0.95,0.53,0.6,0.8,0
isolation_manual_tracing_met_only,3.03915,1.31882,1.72033,21,35,1,112,0.368,0.15655,0.4339437013638682,37%,1.8,43%,21 (1-110),160000,32000,6300,0,4,0.95,0.53,0.6,0.8,0
isolation_manual_tracing_met_limit,3.0963,1.63404,1.46226,17,31,1,103,0.327,0.11855,0.5277395601201433,33%,1.5,53%,17 (1-100),140000,28000,5600,0,4,0.95,0.53,0.6,0.8,0
isolation_manual_tracing,3.0691,1.47896,1.59014,29,46,1,143,0.32475,0.14375,0.4818871982014271,32%,1.6,48%,29 (1-140),210000,41000,8300,0,4,0.95,0.53,0.6,0.8,0
cell_phone,2.9918,1.1149,1.8769,4,17,1,68,0.3982,0.16945,0.37265191523497565,40%,1.9,37%,4 (1-68),76000,15000,3100,0,4,0.95,0.53,0.6,0.8,0
cell_phone_met_limit,3.08915,1.371,1.71815,4,14,0,52,0.3704,0.1444,0.4438114044316398,37%,1.7,44%,4 (0-52),63000,13000,2500,0,4,0.95,0.53,0.6,0.8,0
