scenario,basic,r_diff,r_eff,contacts_med,contacts,traced_90_1,traced_90_2,above1,above5,reduction_raw,aboveX,r_effective,reduction,t_contacts,total_contacts100,total_contacts50,total_contacts10,wfh,limit_other,trace_p,app_cov,p_symptomaticA,prob_t_asymp,wfh_probC
no_measures,2.74,0,2.74,0,0,0,0,0.52,0.28,0,52%,2.7,0%,0 (0-0),0,0,0,0,4,0.95,0.53,0.6,1,0
isolation_manual_tracing_met_only,3.22,1.344,1.876,23,37,1,118.65,0.38,0.17,0.4173913043478261,38%,1.6,42%,23 (1-120),170000,33000,6700,0,4,0.95,0.53,0.6,1,0
isolation_manual_tracing_met_limit,2.93,1.356,1.574,14.5,31,1,101.55,0.28,0.17,0.46279863481228667,28%,1.5,46%,14 (1-100),140000,28000,5600,0,4,0.95,0.53,0.6,1,0
isolation_manual_tracing,3.12,1.512,1.608,31.5,45,2,111.2,0.29,0.09,0.48461538461538456,29%,1.4,48%,32 (2-110),200000,40000,8100,0,4,0.95,0.53,0.6,1,0
cell_phone,3.25,1.1,2.15,4,18,0.95,83,0.41,0.24,0.3384615384615385,41%,1.8,34%,4 (0.95-83),81000,16000,3200,0,4,0.95,0.53,0.6,1,0
cell_phone_met_limit,3.22,1.5,1.72,4,15,1,55.1,0.37,0.16,0.4658385093167702,37%,1.5,47%,4 (1-55),68000,14000,2700,0,4,0.95,0.53,0.6,1,0
