scenario,basic,r_diff,r_eff,contacts_med,contacts,traced_90_1,traced_90_2,above1,above5,reduction_raw,aboveX,r_effective,reduction,t_contacts,total_contacts100,total_contacts50,total_contacts10,contactsR1,wfh,limit_other,trace_p,app_cov,p_symptomaticA,prob_t_asymp,wfh_probC
no_measures,2.6924,0,2.6924,0,0,0,0,0.5264,0.26168,0,53%,2.7,0%,0 (0-0),0,0,0,0,0,4,0.95,0.53,0.7,0.6000000000000001,0
isolation_manual_tracing_met_only,2.70468,1.48248,1.2222,22,35,1,114,0.27792,0.09816,0.5481165978969786,28%,1.2,55%,22 (1-110),630000,160000,32000,2140000,0,4,0.95,0.53,0.7,0.6000000000000001,0
isolation_manual_tracing_met_limit,2.7352,1.706384,1.028816,17,32,1,106,0.2354,0.0714,0.6238607780052647,24%,1,62%,17 (1-110),580000,140000,29000,1950000,0,4,0.95,0.53,0.7,0.6000000000000001,0
isolation_manual_tracing,2.695,1.618176,1.076824,29,46,1,142,0.23512,0.08328,0.6004363636363637,24%,1.1,60%,29 (1-140),830000,210000,41000,2810000,0,4,0.95,0.53,0.7,0.6000000000000001,0
cell_phone,2.6806,1.21624,1.46436,4,17,1,70,0.31988,0.1204,0.4537193165709169,32%,1.5,45%,4 (1-70),310000,76000,15000,1040000,0,4,0.95,0.53,0.7,0.6000000000000001,0
cell_phone_met_limit,2.72936,1.44108,1.28828,4,14,1,53,0.28156,0.09968,0.5279919101914001,28%,1.3,53%,4 (1-53),250000,63000,13000,855000,0,4,0.95,0.53,0.7,0.6000000000000001,0
