scenario,basic,r_diff,r_eff,contacts_med,contacts,traced_90_1,traced_90_2,above1,above5,reduction_raw,aboveX,r_effective,reduction,t_contacts,total_contacts100,total_contacts50,total_contacts10,wfh,limit_other,trace_p,app_cov,p_symptomaticA,prob_t_asymp,wfh_probC
no_measures,2.47325,0,2.47325,0,0,0,0,0.48465,0.2309,0,48%,2.5,0%,0 (0-0),0,0,0,0,4,0.95,0.53,0.6,0.5,0
isolation_manual_tracing_met_only,2.4153,1.26624,1.14906,21,35,1,112,0.2682,0.08555,0.5242578561669358,27%,1.2,52%,21 (1-110),160000,32000,6300,0,4,0.95,0.53,0.6,0.5,0
isolation_manual_tracing_met_limit,2.4586,1.46429,0.99431,17,32,1,107,0.23025,0.0661,0.5955787846742049,23%,1,60%,17 (1-110),140000,29000,5800,0,4,0.95,0.53,0.6,0.5,0
isolation_manual_tracing,2.4144,1.37723,1.03717,29,45,1,142,0.23325,0.077,0.570423293571902,23%,1.1,57%,29 (1-140),200000,40000,8100,0,4,0.95,0.53,0.6,0.5,0
cell_phone,2.43655,1.03505,1.4015,4,17,1,69,0.30945,0.1111,0.424801461082268,31%,1.4,42%,4 (1-69),76000,15000,3100,0,4,0.95,0.53,0.6,0.5,0
cell_phone_met_limit,2.4348,1.22795,1.20685,4,14,1,52,0.26825,0.085,0.5043330047642517,27%,1.2,50%,4 (1-52),63000,13000,2500,0,4,0.95,0.53,0.6,0.5,0
