scenario,basic,r_diff,r_eff,contacts,reduction_raw,r_effective,reduction,t_contacts,total_contacts100,total_contacts50,total_contacts10,wfh,limit_other,trace_p,app_cov,prob_symp,prob_t_asymp
no_measures,2.614,0,2.614,1,0,2.6,0 %,1,90,45,9,0,4,0.95,0.53,0.6,0.6000000000000001
isolation_manual_tracing_met_only,2.657,1.478,1.179,35,0.556266465939029,1.2,56 %,35,3150,1580,315,0,4,0.95,0.53,0.6,0.6000000000000001
isolation_manual_tracing_met_limit,2.725,1.69,1.035,34,0.6201834862385321,0.99,62 %,34,3060,1530,306,0,4,0.95,0.53,0.6,0.6000000000000001
isolation_manual_tracing,2.709,1.694,1.015,38,0.6253229974160207,0.98,63 %,38,3420,1710,342,0,4,0.95,0.53,0.6,0.6000000000000001
cell_phone,2.733,1.389,1.344,14,0.5082327113062568,1.3,51 %,14,1260,630,126,0,4,0.95,0.53,0.6,0.6000000000000001
cell_phone_met_limit,2.787,1.388,1.399,14,0.49802655184786504,1.3,50 %,14,1260,630,126,0,4,0.95,0.53,0.6,0.6000000000000001
