scenario,basic,r_diff,r_eff,contacts_med,contacts,traced_90_1,traced_90_2,above1,above5,reduction_raw,aboveX,r_effective,reduction,t_contacts,total_contacts100,total_contacts50,total_contacts10,wfh,limit_other,trace_p,app_cov,p_symptomaticA,prob_t_asymp,wfh_probC
no_measures,2.339,0,2.339,0,0,0,0,0.4675,0.2145,0,47%,2.3,0%,0 (0-0),0,0,0,0,4,0.95,0.53,0.5,0.5,0
isolation_manual_tracing_met_only,2.28255,1.03915,1.2434,21,35,1,114.049999999999,0.28665,0.09555,0.45525837331055174,29%,1.3,46%,21 (1-110),160000,32000,6300,0,4,0.95,0.53,0.5,0.5,0
isolation_manual_tracing_met_limit,2.3289,1.25572,1.07318,17,32,1,109,0.2481,0.07295,0.5391901756193911,25%,1.1,54%,17 (1-110),140000,29000,5800,0,4,0.95,0.53,0.5,0.5,0
isolation_manual_tracing,2.26995,1.13223,1.13772,29,45,1,142,0.2563,0.08755,0.4987907222626049,26%,1.2,50%,29 (1-140),200000,40000,8100,0,4,0.95,0.53,0.5,0.5,0
cell_phone,2.3174,0.85795,1.45945,4,17,1,68,0.32005,0.11785,0.3702209372572711,32%,1.5,37%,4 (1-68),76000,15000,3100,0,4,0.95,0.53,0.5,0.5,0
cell_phone_met_limit,2.2924,1.0684,1.224,4,14,1,52,0.27335,0.087,0.4660617693247252,27%,1.2,47%,4 (1-52),63000,13000,2500,0,4,0.95,0.53,0.5,0.5,0
