scenario,basic,r_diff,r_eff,contacts_med,contacts,traced_90_1,traced_90_2,above1,above5,reduction_raw,aboveX,r_effective,reduction,t_contacts,total_contacts100,total_contacts50,total_contacts10,wfh,limit_other,trace_p,app_cov,p_symptomaticA,prob_t_asymp,wfh_probC
no_measures,2.63,0,2.63,0,0,0,0,0.5,0.28,0,50%,2.6,0%,0 (0-0),0,0,0,0,4,0.95,0.53,0.6,0.4,0
isolation_manual_tracing_met_only,2.24,1.228,1.012,24,38,2,115.05,0.25,0.07,0.5482142857142858,25%,1.2,55%,24 (2-120),170000,34000,6800,0,4,0.95,0.53,0.6,0.4,0
isolation_manual_tracing_met_limit,2.31,1.43,0.88,18,33,1.95,124.65,0.19,0.07,0.6190476190476191,19%,1,62%,18 (2-120),150000,30000,5900,0,4,0.95,0.53,0.6,0.4,0
isolation_manual_tracing,2.75,1.524,1.226,34,50,3.95,148.55,0.3,0.09,0.5541818181818181,30%,1.2,55%,34 (4-150),220000,45000,9000,0,4,0.95,0.53,0.6,0.4,0
cell_phone,2.28,1.28,1,4,13,0,65.05,0.25,0.11,0.5614035087719298,25%,1.2,56%,4 (0-65),59000,12000,2300,0,4,0.95,0.53,0.6,0.4,0
cell_phone_met_limit,2.07,0.93,1.14,3,11,0,48.05,0.28,0.06,0.4492753623188406,28%,1.4,45%,3 (0-48),50000,9900,2000,0,4,0.95,0.53,0.6,0.4,0
