scenario,basic,r_diff,r_eff,contacts,reduction_raw,r_effective,reduction,t_contacts,total_contacts100,total_contacts50,total_contacts10,wfh,limit_other,trace_p,app_cov,prob_symp,prob_t_asymp
no_measures,3.058,0,3.058,1,0,3.1,0 %,1,90,45,9,0,4,0.95,0.53,0.6,0.9
isolation_manual_tracing_met_only,3.107,1.349,1.758,37,0.43418088187962667,1.7,43 %,37,3330,1670,333,0,4,0.95,0.53,0.6,0.9
isolation_manual_tracing_met_limit,2.908,1.634,1.274,32,0.561898211829436,1.3,56 %,32,2880,1440,288,0,4,0.95,0.53,0.6,0.9
isolation_manual_tracing,3.141,1.718,1.423,37,0.5469595670168736,1.4,55 %,37,3330,1670,333,0,4,0.95,0.53,0.6,0.9
cell_phone,2.832,1.244,1.588,12,0.4392655367231638,1.7,44 %,12,1080,540,108,0,4,0.95,0.53,0.6,0.9
cell_phone_met_limit,2.99,1.382,1.608,13,0.4622073578595318,1.6,46 %,13,1170,585,117,0,4,0.95,0.53,0.6,0.9
