scenario,basic,r_diff,r_eff,contacts_med,contacts,traced_90_1,traced_90_2,above1,above5,reduction_raw,aboveX,r_effective,reduction,t_contacts,total_contacts100,total_contacts50,total_contacts10,wfh,limit_other,trace_p,app_cov,prob_symp,prob_t_asymp
no_measures,2.40675,0,2.40675,0,0,0,0,0.4832,0.22525,0,48%,2.41,0%,0 (0-0),0,0,0,0,4,0.95,0.53,0.5,0.5
isolation_manual_tracing_met_only,2.3956,1.19815,1.19745,21,35,1,111,0.2628,0.09245,0.5001461011855068,26%,1.2,50%,21 (1-110),630,320,160,0,4,0.95,0.53,0.5,0.5
isolation_manual_tracing_met_limit,2.3847,1.3822,1.0025,18,32,1,102,0.22395,0.06595,0.5796116911980542,22%,1.01,58%,18 (1-100),580,290,140,0,4,0.95,0.53,0.5,0.5
isolation_manual_tracing,2.4044,1.30555,1.09885,28,43,1,132,0.24385,0.085,0.5429836965563133,24%,1.1,54%,28 (1-130),770,390,190,0,4,0.95,0.53,0.5,0.5
cell_phone,2.4573,0.98755,1.46975,5,15,0,57,0.32665,0.1226,0.40188418182558094,33%,1.44,40%,5 (0-57),270,140,68,0,4,0.95,0.53,0.5,0.5
cell_phone_met_limit,2.45885,1.20185,1.257,4,12,0,46,0.28535,0.09305,0.4887854078125954,29%,1.23,49%,4 (0-46),220,110,54,0,4,0.95,0.53,0.5,0.5
