scenario,basic,r_diff,r_eff,contacts_med,contacts,traced_90_1,traced_90_2,above1,above5,reduction_raw,aboveX,r_effective,reduction,t_contacts,total_contacts100,total_contacts50,total_contacts10,wfh,limit_other,trace_p,app_cov,p_symptomaticA,prob_t_asymp,wfh_probC
no_measures,1.84105,0,1.84105,0,0,0,0,0.33505,0.1724,0,34%,1.8,0%,0 (0-0),0,0,0,0,4,0.95,0.53,0.6,0.1,0
isolation_manual_tracing_met_only,1.85525,1.2656,0.58965,21,35,1,115,0.12625,0.0337,0.6821722139873332,13%,0.59,68%,21 (1-120),160000,32000,6300,0,4,0.95,0.53,0.6,0.1,0
isolation_manual_tracing_met_limit,1.83675,1.3751,0.46165,17,31,1,102,0.0962,0.02035,0.7486593167279162,9.6%,0.46,75%,17 (1-100),140000,28000,5600,0,4,0.95,0.53,0.6,0.1,0
isolation_manual_tracing,1.84535,1.38692,0.45843,29,45,1,141,0.09045,0.02315,0.7515755818679384,9%,0.46,75%,29 (1-140),200000,40000,8100,0,4,0.95,0.53,0.6,0.1,0
cell_phone,1.8665,1.05015,0.81635,4,17,1,70,0.1662,0.05615,0.5626305920171444,17%,0.81,56%,4 (1-70),76000,15000,3100,0,4,0.95,0.53,0.6,0.1,0
cell_phone_met_limit,1.80565,1.13295,0.6727,4,14,1,54,0.13695,0.0415,0.6274471796859857,14%,0.69,63%,4 (1-54),63000,13000,2500,0,4,0.95,0.53,0.6,0.1,0
