scenario,basic,r_diff,r_eff,contacts_med,contacts,traced_90_1,traced_90_2,above1,above5,reduction_raw,aboveX,r_effective,reduction,t_contacts,total_contacts100,total_contacts50,total_contacts10,wfh,limit_other,trace_p,app_cov,p_symptomaticA,prob_t_asymp,wfh_probC
no_measures,2.47,0,2.47,0,0,0,0,0.4,0.22,0,40%,2.5,0%,0 (0-0),0,0,0,0,4,0.95,0.53,0.6,0.30000000000000004,0
isolation_manual_tracing_met_only,2.39,1.234,1.156,23.5,37,2,132,0.28,0.05,0.5163179916317993,28%,1.2,52%,24 (2-130),170000,33000,6700,0,4,0.95,0.53,0.6,0.30000000000000004,0
isolation_manual_tracing_met_limit,1.96,1.35,0.61,20,31,1,96.25,0.18,0.04,0.6887755102040816,18%,0.77,69%,20 (1-96),140000,28000,5600,0,4,0.95,0.53,0.6,0.30000000000000004,0
isolation_manual_tracing,2.64,1.87,0.77,25,54,2.9,194.95,0.16,0.07,0.7083333333333333,16%,0.72,71%,25 (2.9-190),240000,49000,9700,0,4,0.95,0.53,0.6,0.30000000000000004,0
cell_phone,1.64,0.77,0.87,7.5,19,1,74.1,0.18,0.05,0.4695121951219512,18%,1.3,47%,7.5 (1-74),86000,17000,3400,0,4,0.95,0.53,0.6,0.30000000000000004,0
cell_phone_met_limit,2.29,1.3,0.99,3,12,1,44.15,0.2,0.09,0.5676855895196506,20%,1.1,57%,3 (1-44),54000,11000,2200,0,4,0.95,0.53,0.6,0.30000000000000004,0
