scenario,basic,r_diff,r_eff,contacts_med,contacts,traced_90_1,traced_90_2,above1,above5,reduction_raw,aboveX,r_effective,reduction,t_contacts,total_contacts100,total_contacts50,total_contacts10,wfh,limit_other,trace_p,app_cov,p_symptomaticA,prob_t_asymp,wfh_probC
no_measures,2.3466,0,2.3466,0,0,0,0,0.4816,0.21645,0,48%,2.3,0%,0 (0-0),0,0,0,0,4,0.95,0.53,0.4,0.5,0
isolation_manual_tracing_met_only,2.26605,0.87283,1.39322,21,35,1,113,0.32155,0.1093,0.38517684958407805,32%,1.4,39%,21 (1-110),160000,32000,6300,0,4,0.95,0.53,0.4,0.5,0
isolation_manual_tracing_met_limit,2.2981,1.09123,1.20687,17,32,1,108,0.28125,0.08005,0.4748400852878464,28%,1.2,47%,17 (1-110),140000,29000,5800,0,4,0.95,0.53,0.4,0.5,0
isolation_manual_tracing,2.3008,1.007,1.2938,29,46,1,143,0.2949,0.1004,0.43767385257301805,29%,1.3,44%,29 (1-140),210000,41000,8300,0,4,0.95,0.53,0.4,0.5,0
cell_phone,2.31225,0.7735,1.53875,4,17,1,69,0.34915,0.12445,0.33452265109741597,35%,1.6,33%,4 (1-69),76000,15000,3100,0,4,0.95,0.53,0.4,0.5,0
cell_phone_met_limit,2.30665,0.95155,1.3551,4,14,1,52,0.31115,0.0974,0.4125246569700648,31%,1.4,41%,4 (1-52),63000,13000,2500,0,4,0.95,0.53,0.4,0.5,0
