scenario,basic,r_diff,r_eff,contacts_med,contacts,traced_90_1,traced_90_2,above1,above5,reduction_raw,aboveX,r_effective,reduction,t_contacts,total_contacts100,total_contacts50,total_contacts10,wfh,limit_other,trace_p,app_cov,p_symptomaticA,prob_t_asymp,wfh_probC
no_measures,1.71,0,1.71,0,0,0,0,0.35,0.15,0,35%,1.7,0%,0 (0-0),0,0,0,0,4,0.95,0.53,0.30000000000000004,0.5,0
isolation_manual_tracing_met_only,1.97,0.702,1.268,20,32,1,107.65,0.33,0.1,0.35634517766497464,33%,1.1,36%,20 (1-110),140000,29000,5800,0,4,0.95,0.53,0.30000000000000004,0.5,0
isolation_manual_tracing_met_limit,2.23,0.754,1.476,20,37,2,104.85,0.32,0.11,0.33811659192825116,32%,1.1,34%,20 (2-100),170000,33000,6700,0,4,0.95,0.53,0.30000000000000004,0.5,0
isolation_manual_tracing,2.1,0.75,1.35,29.5,45,1,136.2,0.36,0.12,0.3571428571428571,36%,1.1,36%,30 (1-140),200000,40000,8100,0,4,0.95,0.53,0.30000000000000004,0.5,0
cell_phone,1.57,0.39,1.18,5,15,1,63.3,0.32,0.08,0.24840764331210197,32%,1.3,25%,5 (1-63),68000,14000,2700,0,4,0.95,0.53,0.30000000000000004,0.5,0
cell_phone_met_limit,1.6,0.65,0.95,3,14,0.95,60.3,0.18,0.06,0.4062500000000001,18%,1,41%,3 (0.95-60),63000,13000,2500,0,4,0.95,0.53,0.30000000000000004,0.5,0
