scenario,basic,r_diff,r_eff,contacts,reduction_raw,r_effective,reduction,t_contacts,total_contacts100,total_contacts50,total_contacts10,wfh,limit_other,trace_p,app_cov,prob_symp,prob_t_asymp
no_measures,2.972,0,2.972,1,0,3,0 %,1,90,45,9,0,4,0.95,0.53,0.8,0.5
isolation_manual_tracing_met_only,2.856,2.026,0.83,37,0.7093837535014005,0.86,71 %,37,3330,1670,333,0,4,0.95,0.53,0.8,0.5
isolation_manual_tracing_met_limit,2.833,2.1,0.733,32,0.7412636780797741,0.77,74 %,32,2880,1440,288,0,4,0.95,0.53,0.8,0.5
isolation_manual_tracing,2.913,2.255,0.658,37,0.7741160315825609,0.67,77 %,37,3330,1670,333,0,4,0.95,0.53,0.8,0.5
cell_phone,3.037,1.771,1.266,13,0.5831412578202173,1.2,58 %,13,1170,585,117,0,4,0.95,0.53,0.8,0.5
cell_phone_met_limit,2.936,1.778,1.158,13,0.6055858310626703,1.2,61 %,13,1170,585,117,0,4,0.95,0.53,0.8,0.5
