scenario,basic,r_diff,r_eff,contacts_med,contacts,traced_90_1,traced_90_2,above1,above5,reduction_raw,aboveX,r_effective,reduction,t_contacts,total_contacts100,total_contacts50,total_contacts10,contactsR1,wfh,limit_other,trace_p,app_cov,p_symptomaticA,prob_t_asymp,wfh_probC
no_measures,2.46648,0,2.46648,0,0,0,0,0.48176,0.22648,0,48%,2.5,0%,0 (0-0),0,0,0,0,0,4,0.95,0.53,0.6000000000000001,0.5,0
isolation_manual_tracing_met_only,2.44892,1.254264,1.194656,21,36,1,115,0.27528,0.0926,0.5121702628097284,28%,1.2,51%,21 (1-120),650000,160000,32000,2200000,0,4,0.95,0.53,0.6000000000000001,0.5,0
isolation_manual_tracing_met_limit,2.41592,1.445696,0.970224,17,31,1,106,0.22404,0.06196,0.5984039206596246,22%,0.99,60%,17 (1-110),560000,140000,28000,1890000,0,4,0.95,0.53,0.6000000000000001,0.5,0
isolation_manual_tracing,2.44404,1.42176,1.02228,30,46,1,143,0.22768,0.07664,0.5817253400108018,23%,1,58%,30 (1-140),830000,210000,41000,2810000,0,4,0.95,0.53,0.6000000000000001,0.5,0
cell_phone,2.42136,1.00796,1.4134,4,17,0,69,0.30832,0.11432,0.4162784550830938,31%,1.4,42%,4 (0-69),310000,76000,15000,1040000,0,4,0.95,0.53,0.6000000000000001,0.5,0
cell_phone_met_limit,2.45932,1.26612,1.1932,4,14,1,52,0.26764,0.0844,0.514825236244165,27%,1.2,51%,4 (1-52),250000,63000,13000,855000,0,4,0.95,0.53,0.6000000000000001,0.5,0
