scenario,basic,r_diff,r_eff,contacts_med,contacts,traced_90_1,traced_90_2,above1,above5,reduction_raw,aboveX,r_effective,reduction,t_contacts,total_contacts100,total_contacts50,total_contacts10,wfh,limit_other,trace_p,app_cov,p_symptomaticA,prob_t_asymp,wfh_probC
no_measures,2.2724,0,2.2724,0,0,0,0,0.447,0.20685,0,45%,2.3,0%,0 (0-0),0,0,0,0,4,0.95,0.53,0.6,0.4,0
isolation_manual_tracing_met_only,2.31415,1.28157,1.03258,22,35,1,115,0.242,0.0716,0.5537972905818551,24%,1,55%,22 (1-120),160000,32000,6300,0,4,0.95,0.53,0.6,0.4,0
isolation_manual_tracing_met_limit,2.2944,1.44121,0.85319,17,32,1,105.049999999999,0.1996,0.051,0.6281424337517434,20%,0.85,63%,17 (1-110),140000,29000,5800,0,4,0.95,0.53,0.6,0.4,0
isolation_manual_tracing,2.29745,1.41455,0.8829,29,45,1,144,0.20285,0.05985,0.6157043678861347,20%,0.87,62%,29 (1-140),200000,40000,8100,0,4,0.95,0.53,0.6,0.4,0
cell_phone,2.26535,1.01905,1.2463,4,17,1,69,0.27925,0.0938,0.4498421877414087,28%,1.3,45%,4 (1-69),76000,15000,3100,0,4,0.95,0.53,0.6,0.4,0
cell_phone_met_limit,2.29195,1.19695,1.095,4,14,1,53,0.24595,0.07205,0.5222408865812954,25%,1.1,52%,4 (1-53),63000,13000,2500,0,4,0.95,0.53,0.6,0.4,0
