scenario,basic,r_diff,r_eff,contacts,reduction_raw,r_effective,reduction,t_contacts,total_contacts100,total_contacts50,total_contacts10,wfh,limit_other,trace_p,app_cov,prob_symp,prob_t_asymp
no_measures,1.905,0,1.905,1,0,1.9,0 %,1,90,45,9,0,4,0.95,0.53,0.2,0.5
isolation_manual_tracing_met_only,1.981,0.5,1.481,37,0.2523977788995456,1.4,25 %,37,3330,1670,333,0,4,0.95,0.53,0.2,0.5
isolation_manual_tracing_met_limit,1.923,0.722,1.201,32,0.375455018200728,1.2,38 %,32,2880,1440,288,0,4,0.95,0.53,0.2,0.5
isolation_manual_tracing,1.971,0.8,1.171,36,0.4058853373921867,1.1,41 %,36,3240,1620,324,0,4,0.95,0.53,0.2,0.5
cell_phone,1.926,0.627,1.299,13,0.32554517133956384,1.3,33 %,13,1170,585,117,0,4,0.95,0.53,0.2,0.5
cell_phone_met_limit,1.97,0.67,1.3,13,0.3401015228426396,1.3,34 %,13,1170,585,117,0,4,0.95,0.53,0.2,0.5
