scenario,basic,r_diff,r_eff,contacts_med,contacts,traced_90_1,traced_90_2,above1,above5,reduction_raw,aboveX,r_effective,reduction,t_contacts,total_contacts100,total_contacts50,total_contacts10,wfh,limit_other,trace_p,app_cov,p_symptomaticA,prob_t_asymp,wfh_probC
no_measures,3.1474,0,3.1474,0,0,0,0,0.5875,0.31615,0,59%,3.1,0%,0 (0-0),0,0,0,0,4,0.95,0.53,0.6,1,0
isolation_manual_tracing_met_only,3.1908,1.25268,1.93812,21,36,1,116,0.3749,0.1764,0.3925911996991349,37%,1.9,39%,21 (1-120),160000,32000,6500,0,4,0.95,0.53,0.6,1,0
isolation_manual_tracing_met_limit,3.12955,1.52525,1.6043,17,31,1,106,0.3301,0.13905,0.4873703887140324,33%,1.6,49%,17 (1-110),140000,28000,5600,0,4,0.95,0.53,0.6,1,0
isolation_manual_tracing,3.2169,1.40276,1.81414,30,46,1,143,0.34625,0.17275,0.4360595604463925,35%,1.8,44%,30 (1-140),210000,41000,8300,0,4,0.95,0.53,0.6,1,0
cell_phone,3.17345,1.0422,2.13125,4,17,1,70,0.4105,0.19435,0.32841229576643716,41%,2.1,33%,4 (1-70),76000,15000,3100,0,4,0.95,0.53,0.6,1,0
cell_phone_met_limit,3.1822,1.3424,1.8398,4,14,1,52,0.38105,0.161,0.4218465212745899,38%,1.8,42%,4 (1-52),63000,13000,2500,0,4,0.95,0.53,0.6,1,0
