scenario,basic,r_diff,r_eff,contacts_med,contacts,traced_90_1,traced_90_2,above1,above5,reduction_raw,aboveX,r_effective,reduction,t_contacts,total_contacts100,total_contacts50,total_contacts10,wfh,limit_other,trace_p,app_cov,p_symptomaticA,prob_t_asymp,wfh_probC
no_measures,2.00425,0,2.00425,0,0,0,0,0.43565,0.17565,0,44%,2,0%,0 (0-0),0,0,0,0,4,0.95,0.53,0.2,0.5,0
isolation_manual_tracing_met_only,1.93515,0.43577,1.49938,21,35,1,111,0.3506,0.1184,0.22518667803529446,35%,1.6,23%,21 (1-110),160000,32000,6300,0,4,0.95,0.53,0.2,0.5,0
isolation_manual_tracing_met_limit,2.0056,0.66431,1.34129,17,32,1,106,0.3152,0.09475,0.3312275628240925,32%,1.3,33%,17 (1-110),140000,29000,5800,0,4,0.95,0.53,0.2,0.5,0
isolation_manual_tracing,2.01025,0.48307,1.52718,29,47,1,145,0.3479,0.11955,0.24030344484516852,35%,1.5,24%,29 (1-140),210000,42000,8500,0,4,0.95,0.53,0.2,0.5,0
cell_phone,2.00705,0.36545,1.6416,4,17,1,70.0499999999993,0.37225,0.1319,0.18208315687202614,37%,1.6,18%,4 (1-70),76000,15000,3100,0,4,0.95,0.53,0.2,0.5,0
cell_phone_met_limit,2.00675,0.59065,1.4161,4,14,1,52,0.33085,0.10085,0.2943316307462315,33%,1.4,29%,4 (1-52),63000,13000,2500,0,4,0.95,0.53,0.2,0.5,0
