scenario,basic,r_diff,r_eff,contacts_med,contacts,traced_90_1,traced_90_2,above1,above5,reduction_raw,aboveX,r_effective,reduction,t_contacts,total_contacts100,total_contacts50,total_contacts10,wfh,limit_other,trace_p,app_cov,p_symptomaticA,prob_t_asymp,wfh_probC
no_measures,2.4728,0,2.4728,0,0,0,0,0.498,0.23135,0,50%,2.5,0%,0 (0-0),0,0,0,0,4,0.95,0.53,0.5,0.5,0
isolation_manual_tracing_met_only,2.45985,1.13367,1.32618,21,35,1,114,0.31005,0.1023,0.4608695652173913,31%,1.3,46%,21 (1-110),160000,32000,6300,0,4,0.95,0.53,0.5,0.5,0
isolation_manual_tracing_met_limit,2.42345,1.31057,1.11288,17,31,1,100,0.263,0.07625,0.5407868947162102,26%,1.1,54%,17 (1-100),140000,28000,5600,0,4,0.95,0.53,0.5,0.5,0
isolation_manual_tracing,2.4556,1.26539,1.19021,29,45,1,142.049999999999,0.27035,0.0916,0.5153078677309009,27%,1.2,52%,29 (1-140),200000,40000,8100,0,4,0.95,0.53,0.5,0.5,0
cell_phone,2.4378,0.9386,1.4992,4,17,1,70,0.3386,0.12185,0.38501927967839855,34%,1.5,39%,4 (1-70),76000,15000,3100,0,4,0.95,0.53,0.5,0.5,0
cell_phone_met_limit,2.4675,1.1558,1.3117,4,14,1,54,0.3007,0.09375,0.46840932117527856,30%,1.3,47%,4 (1-54),63000,13000,2500,0,4,0.95,0.53,0.5,0.5,0
