scenario,basic,r_diff,r_eff,contacts,reduction_raw,r_effective,reduction,t_contacts,total_contacts100,total_contacts50,total_contacts10,wfh,limit_other,trace_p,app_cov,prob_symp,prob_t_asymp
no_measures,2.915,0,2.915,1,0,2.9,0 %,1,90,45,9,0,4,0.95,0.53,0.6,1
isolation_manual_tracing_met_only,3.08,1.376,1.704,35,0.4467532467532468,1.6,45 %,35,3150,1580,315,0,4,0.95,0.53,0.6,1
isolation_manual_tracing_met_limit,3.262,1.79,1.472,34,0.5487431023911711,1.3,55 %,34,3060,1530,306,0,4,0.95,0.53,0.6,1
isolation_manual_tracing,3.351,1.834,1.517,38,0.5472993136377201,1.3,55 %,38,3420,1710,342,0,4,0.95,0.53,0.6,1
cell_phone,3.099,1.391,1.708,13,0.4488544691836077,1.6,45 %,13,1170,585,117,0,4,0.95,0.53,0.6,1
cell_phone_met_limit,3.275,1.522,1.753,13,0.464732824427481,1.6,46 %,13,1170,585,117,0,4,0.95,0.53,0.6,1
