scenario,basic,r_diff,r_eff,contacts_med,contacts,traced_90_1,traced_90_2,above1,above5,reduction_raw,aboveX,r_effective,reduction,t_contacts,total_contacts100,total_contacts50,total_contacts10,wfh,limit_other,trace_p,app_cov,p_symptomaticA,prob_t_asymp,wfh_probC
no_measures,2.48,0,2.48,0,0,0,0,0.46,0.25,0,46%,2.5,0%,0 (0-0),0,0,0,0,4,0.95,0.53,0.6,0.8,0
isolation_manual_tracing_met_only,2.58,1.19,1.39,20,34,3,135.15,0.29,0.1,0.4612403100775194,29%,1.3,46%,20 (3-140),150000,31000,6100,0,4,0.95,0.53,0.6,0.8,0
isolation_manual_tracing_met_limit,4.15,2.478,1.672,29.5,49,3,158.95,0.34,0.13,0.5971084337349398,34%,1,60%,30 (3-160),220000,44000,8800,0,4,0.95,0.53,0.6,0.8,0
isolation_manual_tracing,3.33,1.748,1.582,33,59,2.95,191.85,0.31,0.1,0.5249249249249249,31%,1.2,52%,33 (3-190),270000,53000,11000,0,4,0.95,0.53,0.6,0.8,0
cell_phone,2.39,0.62,1.77,3,18,0,62.35,0.36,0.11,0.2594142259414226,36%,1.8,26%,3 (0-62),81000,16000,3200,0,4,0.95,0.53,0.6,0.8,0
cell_phone_met_limit,3.43,1.54,1.89,3,14,0,83.1,0.33,0.16,0.44897959183673475,33%,1.4,45%,3 (0-83),63000,13000,2500,0,4,0.95,0.53,0.6,0.8,0
