scenario,basic,r_diff,r_eff,contacts_med,contacts,traced_90_1,traced_90_2,above1,above5,reduction_raw,aboveX,r_effective,reduction,t_contacts,total_contacts100,total_contacts50,total_contacts10,wfh,limit_other,trace_p,app_cov,p_symptomaticA,prob_t_asymp,wfh_probC
no_measures,1.97,0,1.97,0,0,0,0,0.44,0.22,0,44%,2,0%,0 (0-0),0,0,0,0,4,0.95,0.53,0.5,0.5,0
isolation_manual_tracing_met_only,2.82,1.522,1.298,25,42,2,141.15,0.32,0.1,0.5397163120567375,32%,0.91,54%,25 (2-140),190000,38000,7600,0,4,0.95,0.53,0.5,0.5,0
isolation_manual_tracing_met_limit,2.27,1.068,1.202,18,30,2,99.25,0.23,0.11,0.47048458149779737,23%,1,47%,18 (2-99),140000,27000,5400,0,4,0.95,0.53,0.5,0.5,0
isolation_manual_tracing,1.73,0.862,0.868,25,37,1,98.35,0.24,0.04,0.49826589595375725,24%,0.99,50%,25 (1-98),170000,33000,6700,0,4,0.95,0.53,0.5,0.5,0
cell_phone,2.15,0.79,1.36,3,17,0,63.15,0.36,0.11,0.3674418604651162,36%,1.2,37%,3 (0-63),76000,15000,3100,0,4,0.95,0.53,0.5,0.5,0
cell_phone_met_limit,2.22,1.01,1.21,4,15,0,45.45,0.27,0.09,0.45495495495495497,27%,1.1,45%,4 (0-45),68000,14000,2700,0,4,0.95,0.53,0.5,0.5,0
