scenario,basic,r_diff,r_eff,contacts,reduction_raw,r_effective,reduction,t_contacts,total_contacts100,total_contacts50,total_contacts10,wfh,limit_other,trace_p,app_cov,prob_symp,prob_t_asymp
no_measures,2.498,0,2.498,1,0,2.5,0 %,1,90,45,9,0,4,0.95,0.53,0.6,0.5
isolation_manual_tracing_met_only,2.763,1.607,1.156,39,0.5816141874773797,1,58 %,39,3510,1760,351,0,4,0.95,0.53,0.6,0.5
isolation_manual_tracing_met_limit,2.609,1.676,0.933,34,0.6423917209658874,0.89,64 %,34,3060,1530,306,0,4,0.95,0.53,0.6,0.5
isolation_manual_tracing,2.731,1.722,1.009,39,0.630538264372025,0.92,63 %,39,3510,1760,351,0,4,0.95,0.53,0.6,0.5
cell_phone,2.424,1.263,1.161,12,0.521039603960396,1.2,52 %,12,1080,540,108,0,4,0.95,0.53,0.6,0.5
cell_phone_met_limit,2.53,1.384,1.146,13,0.5470355731225296,1.1,55 %,13,1170,585,117,0,4,0.95,0.53,0.6,0.5
