scenario,basic,r_diff,r_eff,contacts,reduction_raw,r_effective,reduction,t_contacts,total_contacts100,total_contacts50,total_contacts10,wfh,limit_other,trace_p,app_cov,prob_symp,prob_t_asymp
no_measures,2.176,0,2.176,1,0,2.2,0 %,1,90,45,9,0,4,0.95,0.53,0.30000000000000004,0.5
isolation_manual_tracing_met_only,2.061,0.743,1.318,36,0.3605046094129063,1.4,36 %,36,3240,1620,324,0,4,0.95,0.53,0.30000000000000004,0.5
isolation_manual_tracing_met_limit,2.136,0.979,1.157,34,0.45833333333333337,1.2,46 %,34,3060,1530,306,0,4,0.95,0.53,0.30000000000000004,0.5
isolation_manual_tracing,1.993,0.99,1.003,35,0.4967385850476669,1.1,50 %,35,3150,1580,315,0,4,0.95,0.53,0.30000000000000004,0.5
cell_phone,2.205,0.808,1.397,13,0.36643990929705217,1.4,37 %,13,1170,585,117,0,4,0.95,0.53,0.30000000000000004,0.5
cell_phone_met_limit,2.079,0.797,1.282,13,0.38335738335738345,1.3,38 %,13,1170,585,117,0,4,0.95,0.53,0.30000000000000004,0.5
