scenario,basic,r_diff,r_eff,contacts_med,contacts,traced_90_1,traced_90_2,above1,above5,reduction_raw,aboveX,r_effective,reduction,t_contacts,total_contacts100,total_contacts50,total_contacts10,wfh,limit_other,trace_p,app_cov,p_symptomaticA,prob_t_asymp,wfh_probC
no_measures,2.55515,0,2.55515,0,0,0,0,0.5159,0.2394,0,52%,2.6,0%,0 (0-0),0,0,0,0,4,0.95,0.53,0.6,0.5,0
isolation_manual_tracing_met_only,2.60635,1.35367,1.25268,22,36,1,114,0.28745,0.09855,0.51937383697508,29%,1.2,52%,22 (1-110),160000,32000,6500,0,4,0.95,0.53,0.6,0.5,0
isolation_manual_tracing_met_limit,2.58165,1.54015,1.0415,17,31,1,102,0.2464,0.06795,0.5965758332849146,25%,1,60%,17 (1-100),140000,28000,5600,0,4,0.95,0.53,0.6,0.5,0
isolation_manual_tracing,2.56855,1.4473,1.12125,29,45,1,140,0.2531,0.08375,0.5634696618714838,25%,1.1,56%,29 (1-140),200000,40000,8100,0,4,0.95,0.53,0.6,0.5,0
cell_phone,2.6495,1.14915,1.50035,4,17,1,71,0.3309,0.12215,0.43372334402717494,33%,1.4,43%,4 (1-71),76000,15000,3100,0,4,0.95,0.53,0.6,0.5,0
cell_phone_met_limit,2.5974,1.33375,1.26365,4,14,1,52,0.28955,0.0894,0.5134942634942635,29%,1.2,51%,4 (1-52),63000,13000,2500,0,4,0.95,0.53,0.6,0.5,0
