scenario,basic,r_diff,r_eff,contacts_med,contacts,traced_90_1,traced_90_2,above1,above5,reduction_raw,aboveX,r_effective,reduction,t_contacts,total_contacts100,total_contacts50,total_contacts10,wfh,limit_other,trace_p,app_cov,p_symptomaticA,prob_t_asymp,wfh_probC
no_measures,2.57175,0,2.57175,0,0,0,0,0.49825,0.2446,0,50%,2.6,0%,0 (0-0),0,0,0,0,4,0.95,0.53,0.7,0.5,0
isolation_manual_tracing_met_only,2.5286,1.42692,1.10168,21,35,1,113,0.25265,0.08185,0.5643122676579926,25%,1.1,56%,21 (1-110),160000,32000,6300,0,4,0.95,0.53,0.7,0.5,0
isolation_manual_tracing_met_limit,2.5939,1.6732,0.9207,17,32,1,107,0.2128,0.05775,0.6450518524229925,21%,0.91,65%,17 (1-110),140000,29000,5800,0,4,0.95,0.53,0.7,0.5,0
isolation_manual_tracing,2.5927,1.63715,0.95555,29,46,1,145,0.21385,0.0728,0.6314459829521348,21%,0.95,63%,29 (1-140),210000,41000,8300,0,4,0.95,0.53,0.7,0.5,0
cell_phone,2.63065,1.23295,1.3977,4,17,1,70,0.3063,0.1124,0.46868644631554945,31%,1.4,47%,4 (1-70),76000,15000,3100,0,4,0.95,0.53,0.7,0.5,0
cell_phone_met_limit,2.54685,1.36775,1.1791,4,14,1,52,0.26185,0.08325,0.5370359463651178,26%,1.2,54%,4 (1-52),63000,13000,2500,0,4,0.95,0.53,0.7,0.5,0
