scenario,basic,r_diff,r_eff,contacts_med,contacts,traced_90_1,traced_90_2,above1,above5,reduction_raw,aboveX,r_effective,reduction,t_contacts,total_contacts100,total_contacts50,total_contacts10,wfh,limit_other,trace_p,app_cov,p_symptomaticA,prob_t_asymp,wfh_probC
no_measures,2.11,0,2.11,0,0,0,0,0.28,0.14,0,28%,2.1,0%,0 (0-0),0,0,0,0,4,0.95,0.53,0.6,0,0
isolation_manual_tracing_met_only,1.66,1.152,0.508,20,34,1,119.25,0.12,0.03,0.6939759036144578,12%,0.65,69%,20 (1-120),150000,31000,6100,0,4,0.95,0.53,0.6,0,0
isolation_manual_tracing_met_limit,1.13,0.858,0.272,11,21,1,78.85,0.06,0,0.75929203539823,6%,0.51,76%,11 (1-79),95000,19000,3800,0,4,0.95,0.53,0.6,0,0
isolation_manual_tracing,1.56,1.242,0.318,29,41,1.95,129.9,0.07,0.03,0.7961538461538462,7%,0.43,80%,29 (2-130),180000,37000,7400,0,4,0.95,0.53,0.6,0,0
cell_phone,1.66,1.07,0.59,4,20,0,71,0.16,0.06,0.6445783132530121,16%,0.75,64%,4 (0-71),90000,18000,3600,0,4,0.95,0.53,0.6,0,0
cell_phone_met_limit,2.09,1.56,0.53,4,16,0,70.3,0.13,0.03,0.7464114832535884,13%,0.54,75%,4 (0-70),72000,14000,2900,0,4,0.95,0.53,0.6,0,0
