scenario,basic,r_diff,r_eff,contacts_med,contacts,traced_90_1,traced_90_2,above1,above5,reduction_raw,aboveX,r_effective,reduction,t_contacts,total_contacts100,total_contacts50,total_contacts10,wfh,limit_other,trace_p,app_cov,p_symptomaticA,prob_t_asymp,wfh_probC
no_measures,2.1,0,2.1,0,0,0,0,0.32,0.18,0,32%,2.1,0%,0 (0-0),0,0,0,0,4,0.95,0.53,0.6,0.2,0
isolation_manual_tracing_met_only,1.7,0.766,0.934,21.5,35,1,96.05,0.14,0.02,0.4505882352941176,14%,1.2,45%,22 (1-96),160000,32000,6300,0,4,0.95,0.53,0.6,0.2,0
isolation_manual_tracing_met_limit,1.88,1.446,0.434,21,32,1,91.25,0.08,0.01,0.7691489361702127,8%,0.48,77%,21 (1-91),140000,29000,5800,0,4,0.95,0.53,0.6,0.2,0
isolation_manual_tracing,1.55,1.144,0.406,25,36,2,103.35,0.1,0.02,0.7380645161290322,10%,0.55,74%,25 (2-100),160000,32000,6500,0,4,0.95,0.53,0.6,0.2,0
cell_phone,2.02,0.97,1.05,4,19,0,74.65,0.2,0.06,0.4801980198019802,20%,1.1,48%,4 (0-75),86000,17000,3400,0,4,0.95,0.53,0.6,0.2,0
cell_phone_met_limit,1.98,1.21,0.77,4,11,0,38.15,0.18,0.04,0.6111111111111112,18%,0.82,61%,4 (0-38),50000,9900,2000,0,4,0.95,0.53,0.6,0.2,0
