scenario,basic,r_diff,r_eff,contacts_med,contacts,traced_90_1,traced_90_2,above1,above5,reduction_raw,aboveX,r_effective,reduction,t_contacts,total_contacts100,total_contacts50,total_contacts10,wfh,limit_other,trace_p,app_cov,prob_symp,prob_t_asymp
no_measures,2.0307,0,2.0307,0,0,0,0,0.37475,0.1937,0,37%,2.03,0%,0 (0-0),0,0,0,0,4,0.95,0.53,0.6,0.1
isolation_manual_tracing_met_only,2.0374,1.43685,0.60055,21,35,1,112,0.11945,0.03165,0.7052370668499067,12%,0.599,71%,21 (1-110),630,320,160,0,4,0.95,0.53,0.6,0.1
isolation_manual_tracing_met_limit,2.06205,1.5894,0.47265,17,32,1,105,0.0898,0.02245,0.7707863533861934,9%,0.465,77%,17 (1-100),580,290,140,0,4,0.95,0.53,0.6,0.1
isolation_manual_tracing,2.06875,1.58405,0.4847,28,43,1,135.049999999999,0.08695,0.0239,0.7657039274924471,8.7%,0.476,77%,28 (1-140),770,390,190,0,4,0.95,0.53,0.6,0.1
cell_phone,2.07915,1.1595,0.91965,4,15,0,57,0.18965,0.06635,0.5576798210807301,19%,0.898,56%,4 (0-57),270,140,68,0,4,0.95,0.53,0.6,0.1
cell_phone_met_limit,2.03635,1.27025,0.7661,4,12,0,46,0.1603,0.04935,0.6237876592923614,16%,0.764,62%,4 (0-46),220,110,54,0,4,0.95,0.53,0.6,0.1
