scenario,basic,r_diff,r_eff,contacts_med,contacts,traced_90_1,traced_90_2,above1,above5,reduction_raw,aboveX,r_effective,reduction,t_contacts,total_contacts100,total_contacts50,total_contacts10,wfh,limit_other,trace_p,app_cov,prob_symp,prob_t_asymp
no_measures,1.9328,0,1.9328,0,0,0,0,0.3598,0.1966,0,36%,1.9,0%,0 (0-0),0,0,0,0,4,0.95,0.53,0.6,0
isolation_manual_tracing_met_only,1.952,1.4821,0.4699,22,36,1,115,0.09715,0.031,0.7592725409836065,9.7%,0.47,76%,22 (1-120),650,320,160,0,4,0.95,0.53,0.6,0
isolation_manual_tracing_met_limit,1.9668,1.6053,0.3615,18,32,1,105,0.072,0.0203,0.8161989017693716,7.2%,0.36,82%,18 (1-100),580,290,140,0,4,0.95,0.53,0.6,0
isolation_manual_tracing,1.93155,1.56045,0.3711,29,43,1,131,0.06595,0.02435,0.8078745049312728,6.6%,0.37,81%,29 (1-130),770,390,190,0,4,0.95,0.53,0.6,0
cell_phone,1.9951,1.18525,0.80985,5,15,0,59,0.1666,0.06675,0.5940804972181846,17%,0.78,59%,5 (0-59),270,140,68,0,4,0.95,0.53,0.6,0
cell_phone_met_limit,1.9617,1.29145,0.67025,5,12,0,46,0.14015,0.04825,0.6583320589284805,14%,0.66,66%,5 (0-46),220,110,54,0,4,0.95,0.53,0.6,0
