scenario,basic,r_diff,r_eff,contacts,reduction_raw,r_effective,reduction,t_contacts,total_contacts100,total_contacts50,total_contacts10,wfh,limit_other,trace_p,app_cov,prob_symp,prob_t_asymp
no_measures,2.923,0,2.923,1,0,2.9,0 %,1,90,45,9,0,4,0.95,0.53,0.6,0.7000000000000001
isolation_manual_tracing_met_only,2.72,1.448,1.272,36,0.5323529411764707,1.4,53 %,36,3240,1620,324,0,4,0.95,0.53,0.6,0.7000000000000001
isolation_manual_tracing_met_limit,2.959,1.806,1.153,34,0.6103413315309226,1.1,61 %,34,3060,1530,306,0,4,0.95,0.53,0.6,0.7000000000000001
isolation_manual_tracing,2.884,1.707,1.177,38,0.591886269070735,1.2,59 %,38,3420,1710,342,0,4,0.95,0.53,0.6,0.7000000000000001
cell_phone,3.019,1.515,1.504,13,0.5018217952964559,1.5,50 %,13,1170,585,117,0,4,0.95,0.53,0.6,0.7000000000000001
cell_phone_met_limit,2.734,1.359,1.375,13,0.4970738844184345,1.5,50 %,13,1170,585,117,0,4,0.95,0.53,0.6,0.7000000000000001
