scenario,basic,r_diff,r_eff,contacts_med,contacts,traced_90_1,traced_90_2,above1,above5,reduction_raw,aboveX,r_effective,reduction,t_contacts,total_contacts100,total_contacts50,total_contacts10,wfh,limit_other,trace_p,app_cov,p_symptomaticA,prob_t_asymp,wfh_probC
no_measures,2.0886,0,2.0886,0,0,0,0,0.39755,0.18905,0,40%,2.1,0%,0 (0-0),0,0,0,0,4,0.95,0.53,0.6,0.2,0
isolation_manual_tracing_met_only,2.12455,1.33928,0.78527,21,35,1,114,0.1815,0.04305,0.630382904615095,18%,0.77,63%,21 (1-110),160000,32000,6300,0,4,0.95,0.53,0.6,0.2,0
isolation_manual_tracing_met_limit,2.11335,1.47272,0.64063,17,31,1,104,0.1415,0.0288,0.6968651666784962,14%,0.63,70%,17 (1-100),140000,28000,5600,0,4,0.95,0.53,0.6,0.2,0
isolation_manual_tracing,2.1091,1.477,0.6321,29,46,1,143,0.1348,0.0317,0.7002987056090275,13%,0.63,70%,29 (1-140),210000,41000,8300,0,4,0.95,0.53,0.6,0.2,0
cell_phone,2.0964,1.10025,0.99615,4,17,1,70,0.2128,0.06265,0.5248282770463653,21%,0.99,52%,4 (1-70),76000,15000,3100,0,4,0.95,0.53,0.6,0.2,0
cell_phone_met_limit,2.11045,1.2288,0.88165,4,14,1,52,0.1897,0.0522,0.5822454926674405,19%,0.87,58%,4 (1-52),63000,13000,2500,0,4,0.95,0.53,0.6,0.2,0
