scenario,basic,r_diff,r_eff,contacts_med,contacts,traced_90_1,traced_90_2,above1,above5,reduction_raw,aboveX,r_effective,reduction,t_contacts,total_contacts100,total_contacts50,total_contacts10,wfh,limit_other,trace_p,app_cov,p_symptomaticA,prob_t_asymp,wfh_probC
no_measures,2.93275,0,2.93275,0,0,0,0,0.57345,0.2884,0,57%,2.9,0%,0 (0-0),0,0,0,0,4,0.95,0.53,0.6,0.7000000000000001,0
isolation_manual_tracing_met_only,2.9055,1.33616,1.56934,21,35,1,112,0.34805,0.1339,0.459872655308897,35%,1.6,46%,21 (1-110),160000,32000,6300,0,4,0.95,0.53,0.6,0.7000000000000001,0
isolation_manual_tracing_met_limit,2.8759,1.56564,1.31026,17,31,1,105,0.30025,0.1008,0.5444000139086895,30%,1.3,54%,17 (1-100),140000,28000,5600,0,4,0.95,0.53,0.6,0.7000000000000001,0
isolation_manual_tracing,2.9287,1.49639,1.43231,30,46,1,141,0.3122,0.12435,0.5109400075118653,31%,1.4,51%,30 (1-140),210000,41000,8300,0,4,0.95,0.53,0.6,0.7000000000000001,0
cell_phone,2.88335,1.11705,1.7663,4,17,1,69,0.37655,0.15625,0.38741394558412956,38%,1.8,39%,4 (1-69),76000,15000,3100,0,4,0.95,0.53,0.6,0.7000000000000001,0
cell_phone_met_limit,2.8952,1.3348,1.5604,4,14,1,53,0.3432,0.126,0.461038961038961,34%,1.6,46%,4 (1-53),63000,13000,2500,0,4,0.95,0.53,0.6,0.7000000000000001,0
