scenario,basic,r_diff,r_eff,contacts_med,contacts,traced_90_1,traced_90_2,above1,above5,reduction_raw,aboveX,r_effective,reduction,t_contacts,total_contacts100,total_contacts50,total_contacts10,wfh,limit_other,trace_p,app_cov,p_symptomaticA,prob_t_asymp,wfh_probC
no_measures,2.73785,0,2.73785,0,0,0,0,0.5206,0.2634,0,52%,2.7,0%,0 (0-0),0,0,0,0,4,0.95,0.53,0.8,0.5,0
isolation_manual_tracing_met_only,2.71425,1.6757,1.03855,21,35,1,112,0.23905,0.0756,0.6173712812010683,24%,1,62%,21 (1-110),160000,32000,6300,0,4,0.95,0.53,0.8,0.5,0
isolation_manual_tracing_met_limit,2.69265,1.83747,0.85518,17,31,1,103,0.1999,0.05185,0.6824020945908306,20%,0.87,68%,17 (1-100),140000,28000,5600,0,4,0.95,0.53,0.8,0.5,0
isolation_manual_tracing,2.7253,1.86389,0.86141,29,45,1,144,0.1903,0.0618,0.6839210362161964,19%,0.87,68%,29 (1-140),200000,40000,8100,0,4,0.95,0.53,0.8,0.5,0
cell_phone,2.737,1.39305,1.34395,4,17,0,71,0.2913,0.10665,0.5089696748264523,29%,1.3,51%,4 (0-71),76000,15000,3100,0,4,0.95,0.53,0.8,0.5,0
cell_phone_met_limit,2.7251,1.559,1.1661,4,14,1,54.0499999999993,0.25745,0.08135,0.5720890976477928,26%,1.2,57%,4 (1-54),63000,13000,2500,0,4,0.95,0.53,0.8,0.5,0
