scenario,basic,r_diff,r_eff,contacts_med,contacts,traced_90_1,traced_90_2,above1,above5,reduction_raw,aboveX,r_effective,reduction,t_contacts,total_contacts100,total_contacts50,total_contacts10,wfh,limit_other,trace_p,app_cov,prob_symp,prob_t_asymp
no_measures,3.101,0,3.101,0,0,0,0,0.58045,0.30995,0,58%,3.1,0%,0 (0-0),0,0,0,0,4,0.95,0.53,0.6,0.9
isolation_manual_tracing_met_only,3.09935,1.4732,1.62615,22,35,1,113,0.3207,0.147,0.4753254714698243,32%,1.6,48%,22 (1-110),630,320,160,0,4,0.95,0.53,0.6,0.9
isolation_manual_tracing_met_limit,3.0978,1.74015,1.35765,18,32,1,106,0.2771,0.1129,0.5617373619988378,28%,1.4,56%,18 (1-110),580,290,140,0,4,0.95,0.53,0.6,0.9
isolation_manual_tracing,3.14335,1.6042,1.53915,29,44,1,136,0.29035,0.14165,0.5103472410008429,29%,1.5,51%,29 (1-140),790,400,200,0,4,0.95,0.53,0.6,0.9
cell_phone,3.1265,1.156,1.9705,4,14,0,58,0.38815,0.1804,0.36974252358867743,39%,2,37%,4 (0-58),250,130,63,0,4,0.95,0.53,0.6,0.9
cell_phone_met_limit,3.08175,1.44655,1.6352,5,12,0,47,0.3465,0.1369,0.4693923906871096,35%,1.6,47%,5 (0-47),220,110,54,0,4,0.95,0.53,0.6,0.9
