scenario,basic,r_diff,r_eff,contacts,reduction_raw,r_effective,reduction,t_contacts,total_contacts100,total_contacts50,total_contacts10,wfh,limit_other,trace_p,app_cov,prob_symp,prob_t_asymp
no_measures,2.269,0,2.269,1,0,2.3,0 %,1,90,45,9,0,4,0.95,0.53,0.4,0.5
isolation_manual_tracing_met_only,2.255,0.934,1.321,36,0.41419068736141906,1.3,41 %,36,3240,1620,324,0,4,0.95,0.53,0.4,0.5
isolation_manual_tracing_met_limit,2.329,1.181,1.148,34,0.5070845856590812,1.1,51 %,34,3060,1530,306,0,4,0.95,0.53,0.4,0.5
isolation_manual_tracing,2.225,1.252,0.973,37,0.5626966292134832,0.99,56 %,37,3330,1670,333,0,4,0.95,0.53,0.4,0.5
cell_phone,2.212,0.867,1.345,14,0.39195298372513565,1.4,39 %,14,1260,630,126,0,4,0.95,0.53,0.4,0.5
cell_phone_met_limit,2.396,1.056,1.34,14,0.4407345575959932,1.3,44 %,14,1260,630,126,0,4,0.95,0.53,0.4,0.5
