scenario,basic,r_diff,r_eff,contacts_med,contacts,traced_90_1,traced_90_2,above1,above5,reduction_raw,aboveX,r_effective,reduction,t_contacts,total_contacts100,total_contacts50,total_contacts10,wfh,limit_other,trace_p,app_cov,p_symptomaticA,prob_t_asymp,wfh_probC
no_measures,2.3,0,2.3,0,0,0,0,0.51,0.24,0,51%,2.3,0%,0 (0-0),0,0,0,0,4,0.95,0.53,0.7,0.5,0
isolation_manual_tracing_met_only,2.08,1.226,0.854,15,30,1,104.1,0.17,0.08,0.5894230769230769,17%,0.94,59%,15 (1-100),140000,27000,5400,0,4,0.95,0.53,0.7,0.5,0
isolation_manual_tracing_met_limit,1.9,1.21,0.69,14,27,1,91.65,0.17,0.04,0.6368421052631579,17%,0.84,64%,14 (1-92),120000,24000,4900,0,4,0.95,0.53,0.7,0.5,0
isolation_manual_tracing,2.77,2.004,0.766,25,49,1,153.85,0.2,0.04,0.7234657039711192,20%,0.64,72%,25 (1-150),220000,44000,8800,0,4,0.95,0.53,0.7,0.5,0
cell_phone,3.13,1.47,1.66,3.5,20,1,84.15,0.34,0.14,0.4696485623003195,34%,1.2,47%,3.5 (1-84),90000,18000,3600,0,4,0.95,0.53,0.7,0.5,0
cell_phone_met_limit,2.57,1.24,1.33,3,13,0.95,41.3,0.29,0.09,0.4824902723735408,29%,1.2,48%,3 (0.95-41),59000,12000,2300,0,4,0.95,0.53,0.7,0.5,0
