scenario,basic,r_diff,r_eff,contacts_med,contacts,traced_90_1,traced_90_2,above1,above5,reduction_raw,aboveX,r_effective,reduction,t_contacts,total_contacts100,total_contacts50,total_contacts10,wfh,limit_other,trace_p,app_cov,p_symptomaticA,prob_t_asymp,wfh_probC
no_measures,2.715,0,2.715,0,0,0,0,0.5278,0.26355,0,53%,2.7,0%,0 (0-0),0,0,0,0,4,0.95,0.53,0.6,0.7000000000000001,0
isolation_manual_tracing_met_only,2.73865,1.26482,1.47383,21,36,1,115,0.3228,0.1259,0.4618406879301845,32%,1.5,46%,21 (1-120),160000,32000,6500,0,4,0.95,0.53,0.6,0.7000000000000001,0
isolation_manual_tracing_met_limit,2.7457,1.49502,1.25068,17,31,1,104,0.28155,0.0945,0.5444950285901591,28%,1.2,54%,17 (1-100),140000,28000,5600,0,4,0.95,0.53,0.6,0.7000000000000001,0
isolation_manual_tracing,2.72815,1.41004,1.31811,29,45,1,142,0.2782,0.11225,0.5168484137602405,28%,1.3,52%,29 (1-140),200000,40000,8100,0,4,0.95,0.53,0.6,0.7000000000000001,0
cell_phone,2.74965,1.0529,1.69675,4,17,1,70,0.3548,0.14925,0.3829214627316204,35%,1.7,38%,4 (1-70),76000,15000,3100,0,4,0.95,0.53,0.6,0.7000000000000001,0
cell_phone_met_limit,2.71905,1.2439,1.47515,4,14,1,52,0.31935,0.11785,0.457475956676045,32%,1.5,46%,4 (1-52),63000,13000,2500,0,4,0.95,0.53,0.6,0.7000000000000001,0
