scenario,basic,r_diff,r_eff,contacts_med,contacts,traced_90_1,traced_90_2,above1,above5,reduction_raw,aboveX,r_effective,reduction,t_contacts,total_contacts100,total_contacts50,total_contacts10,wfh,limit_other,trace_p,app_cov,p_symptomaticA,prob_t_asymp,wfh_probC
no_measures,3.02,0,3.02,0,0,0,0,0.58,0.31,0,58%,3,0%,0 (0-0),0,0,0,0,4,0.95,0.53,0.8,0.5,0
isolation_manual_tracing_met_only,2.53,1.324,1.206,20.5,34,2,121.2,0.29,0.09,0.5233201581027668,29%,1.4,52%,20 (2-120),150000,31000,6100,0,4,0.95,0.53,0.8,0.5,0
isolation_manual_tracing_met_limit,2.92,2.076,0.844,18,30,1,78.9499999999999,0.22,0.05,0.7109589041095891,22%,0.87,71%,18 (1-79),140000,27000,5400,0,4,0.95,0.53,0.8,0.5,0
isolation_manual_tracing,2.74,1.834,0.906,32,46,1,135.15,0.21,0.09,0.6693430656934307,21%,1,67%,32 (1-140),210000,41000,8300,0,4,0.95,0.53,0.8,0.5,0
cell_phone,2.82,1.38,1.44,4,17,0,64.25,0.35,0.1,0.4893617021276596,35%,1.5,49%,4 (0-64),76000,15000,3100,0,4,0.95,0.53,0.8,0.5,0
cell_phone_met_limit,3.12,1.87,1.25,4,18,0.95,73.1,0.3,0.08,0.59935897435897445,30%,1.2,60%,4 (0.95-73),81000,16000,3200,0,4,0.95,0.53,0.8,0.5,0
