scenario,basic,r_diff,r_eff,contacts_med,contacts,traced_90_1,traced_90_2,above1,above5,reduction_raw,aboveX,r_effective,reduction,t_contacts,total_contacts100,total_contacts50,total_contacts10,wfh,limit_other,trace_p,app_cov,p_symptomaticA,prob_t_asymp,wfh_probC
no_measures,1.34,0,1.34,0,0,0,0,0.26,0.13,0,26%,1.3,0%,0 (0-0),0,0,0,0,4,0.95,0.53,0.6,0.1,0
isolation_manual_tracing_met_only,1.97,1.4,0.57,25,39,3,133.5,0.15,0.02,0.7106598984771574,15%,0.39,71%,25 (3-130),180000,35000,7000,0,4,0.95,0.53,0.6,0.1,0
isolation_manual_tracing_met_limit,1.42,1.092,0.328,14,27,1,104.65,0.07,0.01,0.7690140845070422,7%,0.31,77%,14 (1-100),120000,24000,4900,0,4,0.95,0.53,0.6,0.1,0
isolation_manual_tracing,2.17,1.544,0.626,27,52,2.95,190.3,0.12,0.04,0.711520737327189,12%,0.39,71%,27 (3-190),230000,47000,9400,0,4,0.95,0.53,0.6,0.1,0
cell_phone,1.56,0.81,0.75,3,17,0.95,62.05,0.15,0.07,0.5192307692307693,15%,0.64,52%,3 (0.95-62),76000,15000,3100,0,4,0.95,0.53,0.6,0.1,0
cell_phone_met_limit,1.89,0.96,0.93,4,11,1,37,0.18,0.05,0.5079365079365079,18%,0.66,51%,4 (1-37),50000,9900,2000,0,4,0.95,0.53,0.6,0.1,0
