scenario,basic,r_diff,r_eff,contacts,reduction_raw,r_effective,reduction,t_contacts,total_contacts100,total_contacts50,total_contacts10,wfh,limit_other,trace_p,app_cov,prob_symp,prob_t_asymp
no_measures,2.871,0,2.871,1,0,2.9,0 %,1,90,45,9,0,4,0.95,0.53,0.6,0.8
isolation_manual_tracing_met_only,2.817,1.509,1.308,34,0.5356762513312034,1.3,54 %,34,3060,1530,306,0,4,0.95,0.53,0.6,0.8
isolation_manual_tracing_met_limit,2.938,1.813,1.125,30,0.6170864533696392,1.1,62 %,30,2700,1350,270,0,4,0.95,0.53,0.6,0.8
isolation_manual_tracing,3.141,1.876,1.265,40,0.5972620184654569,1.2,60 %,40,3600,1800,360,0,4,0.95,0.53,0.6,0.8
cell_phone,3.083,1.451,1.632,14,0.4706454751865067,1.5,47 %,14,1260,630,126,0,4,0.95,0.53,0.6,0.8
cell_phone_met_limit,3.086,1.487,1.599,13,0.48185353208036297,1.5,48 %,13,1170,585,117,0,4,0.95,0.53,0.6,0.8
