scenario,basic,r_diff,r_eff,contacts_med,contacts,traced_90_1,traced_90_2,above1,above5,reduction_raw,aboveX,r_effective,reduction,t_contacts,total_contacts100,total_contacts50,total_contacts10,wfh,limit_other,trace_p,app_cov,p_symptomaticA,prob_t_asymp,wfh_probC
no_measures,2.14,0,2.14,0,0,0,0,0.43905,0.19305,0,44%,2.1,0%,0 (0-0),0,0,0,0,4,0.95,0.53,0.4,0.5,0
isolation_manual_tracing_met_only,2.1567,0.83947,1.31723,21,35,1,114,0.30185,0.1012,0.3892381879723652,30%,1.3,39%,21 (1-110),160000,32000,6300,0,4,0.95,0.53,0.4,0.5,0
isolation_manual_tracing_met_limit,2.1501,1.04951,1.10059,17,31,1,103,0.256,0.07475,0.48812148272173395,26%,1.1,49%,17 (1-100),140000,28000,5600,0,4,0.95,0.53,0.4,0.5,0
isolation_manual_tracing,2.14225,0.93273,1.20952,29,45,1,142,0.2761,0.09215,0.4353973625860661,28%,1.2,44%,29 (1-140),200000,40000,8100,0,4,0.95,0.53,0.4,0.5,0
cell_phone,2.15735,0.6881,1.46925,4,17,1,69,0.3317,0.11535,0.31895612672955254,33%,1.5,32%,4 (1-69),76000,15000,3100,0,4,0.95,0.53,0.4,0.5,0
cell_phone_met_limit,2.16265,0.89885,1.2638,4,14,1,53,0.28855,0.09005,0.4156243497560863,29%,1.3,42%,4 (1-53),63000,13000,2500,0,4,0.95,0.53,0.4,0.5,0
