scenario,basic,r_diff,r_eff,contacts,reduction_raw,r_effective,reduction,t_contacts,total_contacts100,total_contacts50,total_contacts10,wfh,limit_other,trace_p,app_cov,prob_symp,prob_t_asymp
no_measures,2.792,0,2.792,1,0,2.8,0 %,1,90,45,9,0,4,0.95,0.53,0.7,0.5
isolation_manual_tracing_met_only,2.717,1.659,1.058,36,0.6105999263894001,1.1,61 %,36,3240,1620,324,0,4,0.95,0.53,0.7,0.5
isolation_manual_tracing_met_limit,2.8,1.926,0.874,33,0.6878571428571428,0.87,69 %,33,2970,1490,297,0,4,0.95,0.53,0.7,0.5
isolation_manual_tracing,2.757,1.959,0.798,36,0.7105549510337323,0.81,71 %,36,3240,1620,324,0,4,0.95,0.53,0.7,0.5
cell_phone,2.663,1.55,1.113,12,0.5820503191888846,1.2,58 %,12,1080,540,108,0,4,0.95,0.53,0.7,0.5
cell_phone_met_limit,2.585,1.409,1.176,13,0.5450676982591877,1.3,55 %,13,1170,585,117,0,4,0.95,0.53,0.7,0.5
