scenario,basic,non_infected_traced,r_diff,r_eff,contacts_med,contacts,traced_90_1,traced_90_2,above1,above5,reduction_raw,aboveX,r_effective,reduction,t_contacts,total_contacts100,total_contacts50,total_contacts10,contacts1,contactsR1,contacts4,contactsR4,wfh,limit_other,trace_p,app_cov,prob_symp,prob_t_asymp,nonCOVID_day,COVID_day1,COVID_day2
isolation_only,2.7163,-2.0058,0.7105,2.0058,0,0,0,0,0.4097,0.177,0.2615690461289254,41%,1.5,26%,0 (0-0),0,0,0,0,0,0,0,0,4,0.95,0.53,0.8,0.2,-136035.36179999998,-2005.7999999999997,-8023.199999999999
hh_quaratine_only,2.7237,0.3526,0.84162,1.88208,2,2.4,0,7,0.3973,0.1831,0.3089987884128208,40%,1.4,31%,2 (0-7),43,22,11,2160,146000,8640,155000,0,4,0.95,0.53,0.8,0.2,23913.6846,352.6,1410.4
isolation_manual_tracing_met_only,2.7703,33.6803,1.5883,1.182,21,36,1,117,0.313,0.0972,0.5733314081507419,31%,0.86,57%,21 (1-120),650,320,160,32400,2200000,130000,2330000,0,4,0.95,0.53,0.8,0.2,2284231.6263,33680.3,134721.2
isolation_manual_tracing,2.7338,40.8536,1.719928,1.013872,29,43,1,131,0.2799,0.0747,0.6291345380057063,28%,0.74,63%,29 (1-130),770,390,190,38700,2620000,155000,2780000,0,4,0.95,0.53,0.8,0.2,2770732.0056,40853.6,163414.4
cell_phone,2.7702,12.6018,1.214904,1.555296,4,15,0,59,0.3685,0.1457,0.43856183669049165,37%,1.1,44%,4 (0-59),270,140,68,13500,916000,54000,970000,0,4,0.95,0.53,0.8,0.2,854666.6778000001,12601.800000000001,50407.200000000004
