scenario,basic,non_infected_traced,r_diff,r_eff,contacts_med,contacts,traced_90_1,traced_90_2,above1,above5,reduction_raw,aboveX,r_effective,reduction,t_contacts,total_contacts100,total_contacts50,total_contacts10,contacts1,contactsR1,contacts4,contactsR4,wfh,limit_other,trace_p,app_cov,prob_symp,prob_t_asymp,nonCOVID_day,COVID_day1,COVID_day2
isolation_only,2.711,-2.0136,0.6974,2.0136,0,0,0,0,0.4089,0.1831,0.25724824787901146,41%,1.5,26%,0 (0-0),0,0,0,0,0,0,0,0,4,0.95,0.53,0.8,0.2,-136564.3656,-2013.6,-8054.4
hh_quaratine_only,2.7648,0.347,0.860388,1.904412,2,2.4,0,7,0.4008,0.1835,0.3111935763888889,40%,1.4,31%,2 (0-7),43,22,11,2160,146000,8640,155000,0,4,0.95,0.53,0.8,0.2,23533.887,347,1388
isolation_manual_tracing_met_only,2.6759,33.0089,1.491912,1.183988,22,35,1,110,0.3232,0.0957,0.5575365297656862,32%,0.89,56%,22 (1-110),630,320,160,31500,2140000,126000,2260000,0,4,0.95,0.53,0.8,0.2,2238696.6069,33008.899999999994,132035.59999999998
isolation_manual_tracing,2.7525,41.2325,1.6799,1.0726,28,43,1,132,0.2866,0.0783,0.6103178928247048,29%,0.78,61%,28 (1-130),770,390,190,38700,2620000,155000,2780000,0,4,0.95,0.53,0.8,0.2,2796429.3825000003,41232.5,164930
cell_phone,2.6883,12.2533,1.02086,1.66744,4,14,0,56,0.3943,0.1612,0.3797418442882119,39%,1.2,38%,4 (0-56),250,130,63,12600,855000,50400,905000,0,4,0.95,0.53,0.8,0.2,831031.0593,12253.3,49013.2
