scenario,basic,non_infected_traced,r_diff,r_eff,contacts_med,contacts,traced_90_1,traced_90_2,above1,above5,reduction_raw,aboveX,r_effective,reduction,t_contacts,total_contacts100,total_contacts50,total_contacts10,contacts1,contactsR1,contacts4,contactsR4,wfh,limit_other,trace_p,app_cov,prob_symp,prob_t_asymp,nonCOVID_day,COVID_day1,COVID_day2
isolation_only,2.7642,-2.0697,0.6945,2.0697,0,0,0,0,0.4156,0.1895,0.2512481007163013,42%,1.5,25%,0 (0-0),0,0,0,0,0,0,0,0,4,0.95,0.53,0.8,0.2,-140369.1237,-2069.7000000000003,-8278.800000000001
hh_quaratine_only,2.707,0.4415,0.855936,1.851064,2,2.5,0,7,0.4033,0.1761,0.31619357222016986,40%,1.4,32%,2 (0-7),45,23,11,2250,153000,9000,162000,0,4,0.95,0.53,0.8,0.2,29942.9715,441.5,1766
isolation_manual_tracing_met_only,2.7624,34.097,1.570396,1.192004,22,36,1,117,0.3259,0.0983,0.5684897190848537,33%,0.89,57%,22 (1-120),650,320,160,32400,2200000,130000,2330000,0,4,0.95,0.53,0.8,0.2,2312492.637,34097,136388
isolation_manual_tracing,2.7208,41.1806,1.705828,1.014972,28,43,1,132,0.2728,0.0747,0.6269582475742429,27%,0.77,63%,28 (1-130),770,390,190,38700,2620000,155000,2780000,0,4,0.95,0.53,0.8,0.2,2792909.4726,41180.6,164722.4
cell_phone,2.6947,12.4659,1.171592,1.523108,4,14,0,57,0.3737,0.1419,0.434776412958771,37%,1.2,43%,4 (0-57),250,130,63,12600,855000,50400,905000,0,4,0.95,0.53,0.8,0.2,845449.8038999999,12465.9,49863.6
