scenario,basic,non_infected_traced,r_diff,r_eff,contacts_med,contacts,traced_90_1,traced_90_2,above1,above5,reduction_raw,aboveX,r_effective,reduction,t_contacts,total_contacts100,total_contacts50,total_contacts10,contacts1,contactsR1,contacts4,contactsR4,wfh,limit_other,trace_p,app_cov,prob_symp,prob_t_asymp,nonCOVID_day,COVID_day1,COVID_day2
isolation_only,2.7081,-2.0052,0.7029,2.0052,0,0,0,0,0.4065,0.1801,0.2595546693253573,41%,1.5,26%,0 (0-0),0,0,0,0,0,0,0,0,4,0.95,0.53,0.8,0.2,-135994.6692,-2005.1999999999998,-8020.799999999999
hh_quaratine_only,2.7392,0.3971,0.840924,1.898276,2,2.4,0,7,0.4072,0.186,0.30699620327102795,41%,1.4,31%,2 (0-7),43,22,11,2160,146000,8640,155000,0,4,0.95,0.53,0.8,0.2,26931.719100000002,397.1,1588.4
isolation_manual_tracing_met_only,2.7222,33.8267,1.3492824,1.3729176,22,36,1,115,0.3686,0.1254,0.495658805378003,37%,1,50%,22 (1-120),650,320,160,32400,2200000,130000,2330000,0,4,0.95,0.53,0.8,0.2,2294160.6207000003,33826.700000000004,135306.80000000002
isolation_manual_tracing,2.7101,41.2504,1.4823424,1.2277576,29,43,1,132,0.3491,0.1008,0.5469696321168962,35%,0.91,55%,29 (1-130),770,390,190,38700,2620000,155000,2780000,0,4,0.95,0.53,0.8,0.2,2797643.3784,41250.4,165001.6
cell_phone,2.6699,12.4312,0.8266344,1.8432656,4,14,0,57,0.4239,0.1811,0.3096124948499944,42%,1.4,31%,4 (0-57),250,130,63,12600,855000,50400,905000,0,4,0.95,0.53,0.8,0.2,843096.4152,12431.2,49724.8
